{"v":"5.5.5","fr":25,"ip":0,"op":340,"w":500,"h":500,"nm":"development","ddd":0,"assets":[],"layers":[{"ddd":0,"ind":1,"ty":4,"nm":"crane-rope Outlines","parent":8,"sr":1,"ks":{"o":{"a":0,"k":100,"ix":11},"r":{"a":0,"k":0,"ix":10},"p":{"a":1,"k":[{"i":{"x":0.833,"y":0.833},"o":{"x":0.167,"y":0.167},"t":0,"s":[145.484,72,0],"to":[0,0,0],"ti":[0,0,0]},{"i":{"x":0.833,"y":0.833},"o":{"x":0.167,"y":0.167},"t":50,"s":[145.484,72,0],"to":[-6.667,0,0],"ti":[6.667,0,0]},{"i":{"x":0.833,"y":0.833},"o":{"x":0.167,"y":0.167},"t":62,"s":[105.484,72,0],"to":[0,0,0],"ti":[0,0,0]},{"i":{"x":0.833,"y":0.833},"o":{"x":0.167,"y":0.167},"t":100,"s":[105.484,72,0],"to":[6.667,0,0],"ti":[-6.667,0,0]},{"i":{"x":0.833,"y":0.833},"o":{"x":0.167,"y":0.167},"t":113,"s":[145.484,72,0],"to":[0,0,0],"ti":[0,0,0]},{"i":{"x":0.833,"y":0.833},"o":{"x":0.167,"y":0.167},"t":163,"s":[145.484,72,0],"to":[-6.667,0,0],"ti":[6.667,0,0]},{"i":{"x":0.833,"y":0.833},"o":{"x":0.167,"y":0.167},"t":175,"s":[105.484,72,0],"to":[0,0,0],"ti":[0,0,0]},{"i":{"x":0.833,"y":0.833},"o":{"x":0.167,"y":0.167},"t":213,"s":[105.484,72,0],"to":[6.667,0,0],"ti":[-6.667,0,0]},{"i":{"x":0.833,"y":0.833},"o":{"x":0.167,"y":0.167},"t":226,"s":[145.484,72,0],"to":[0,0,0],"ti":[0,0,0]},{"i":{"x":0.833,"y":0.833},"o":{"x":0.167,"y":0.167},"t":276,"s":[145.484,72,0],"to":[-6.667,0,0],"ti":[6.667,0,0]},{"i":{"x":0.833,"y":0.833},"o":{"x":0.167,"y":0.167},"t":288,"s":[105.484,72,0],"to":[0,0,0],"ti":[0,0,0]},{"t":326,"s":[105.484,72,0]}],"ix":2},"a":{"a":0,"k":[2,35,0],"ix":1},"s":{"a":0,"k":[100,100,100],"ix":6}},"ao":0,"shapes":[{"ty":"gr","it":[{"ind":0,"ty":"sh","ix":1,"ks":{"a":0,"k":{"i":[[0,0],[0,0]],"o":[[0,0],[0,0]],"v":[[2,2],[2,68]],"c":false},"ix":2},"nm":"Path 1","mn":"ADBE Vector Shape - Group","hd":false},{"ty":"st","c":{"a":0,"k":[0.917999985639,0.741000007181,0,1],"ix":3},"o":{"a":0,"k":100,"ix":4},"w":{"a":0,"k":4,"ix":5},"lc":2,"lj":3,"bm":0,"nm":"Stroke 1","mn":"ADBE Vector Graphic - Stroke","hd":false},{"ty":"tr","p":{"a":0,"k":[0,0],"ix":2},"a":{"a":0,"k":[0,0],"ix":1},"s":{"a":0,"k":[139.645,137.29],"ix":3},"r":{"a":0,"k":0,"ix":6},"o":{"a":0,"k":100,"ix":7},"sk":{"a":0,"k":0,"ix":4},"sa":{"a":0,"k":0,"ix":5},"nm":"Transform"}],"nm":"Group 1","np":2,"cix":2,"bm":0,"ix":1,"mn":"ADBE Vector Group","hd":false},{"ty":"tm","s":{"a":0,"k":0,"ix":1},"e":{"a":1,"k":[{"i":{"x":[0.833],"y":[0.833]},"o":{"x":[0.167],"y":[0.167]},"t":0,"s":[0]},{"i":{"x":[0.833],"y":[0.833]},"o":{"x":[0.167],"y":[0.167]},"t":14,"s":[48]},{"i":{"x":[0.833],"y":[0.833]},"o":{"x":[0.167],"y":[0.167]},"t":63,"s":[48]},{"i":{"x":[0.833],"y":[0.833]},"o":{"x":[0.167],"y":[0.167]},"t":88,"s":[100]},{"i":{"x":[0.833],"y":[0.833]},"o":{"x":[0.167],"y":[0.167]},"t":113,"s":[0]},{"i":{"x":[0.833],"y":[0.833]},"o":{"x":[0.167],"y":[0.167]},"t":127,"s":[48]},{"i":{"x":[0.833],"y":[0.833]},"o":{"x":[0.167],"y":[0.167]},"t":176,"s":[48]},{"i":{"x":[0.833],"y":[0.833]},"o":{"x":[0.167],"y":[0.167]},"t":201,"s":[100]},{"i":{"x":[0.833],"y":[0.833]},"o":{"x":[0.167],"y":[0.167]},"t":226,"s":[0]},{"i":{"x":[0.833],"y":[0.833]},"o":{"x":[0.167],"y":[0.167]},"t":240,"s":[48]},{"i":{"x":[0.833],"y":[0.833]},"o":{"x":[0.167],"y":[0.167]},"t":289,"s":[48]},{"i":{"x":[0.833],"y":[0.833]},"o":{"x":[0.167],"y":[0.167]},"t":314,"s":[100]},{"t":339,"s":[0]}],"ix":2},"o":{"a":0,"k":0,"ix":3},"m":1,"ix":2,"nm":"Trim Paths 1","mn":"ADBE Vector Filter - Trim","hd":false}],"ip":0,"op":509,"st":0,"bm":0},{"ddd":0,"ind":2,"ty":4,"nm":"Layer 9 Outlines","sr":1,"ks":{"o":{"a":1,"k":[{"i":{"x":[0.833],"y":[0.833]},"o":{"x":[0.167],"y":[0.167]},"t":0,"s":[100]},{"i":{"x":[0.833],"y":[0.833]},"o":{"x":[0.167],"y":[0.167]},"t":88,"s":[100]},{"t":113,"s":[0]}],"ix":11},"r":{"a":0,"k":0,"ix":10},"p":{"a":1,"k":[{"i":{"x":0.833,"y":0.833},"o":{"x":0.167,"y":0.167},"t":14,"s":[395,218.5,0],"to":[-31.083,-0.167,0],"ti":[37.75,0.167,0]},{"i":{"x":0.833,"y":0.833},"o":{"x":0.167,"y":0.167},"t":50,"s":[208.5,217.5,0],"to":[-37.75,-0.167,0],"ti":[6.667,0,0]},{"i":{"x":0.833,"y":0.833},"o":{"x":0.167,"y":0.167},"t":62,"s":[168.5,217.5,0],"to":[0,0,0],"ti":[0,0,0]},{"i":{"x":0.833,"y":0.833},"o":{"x":0.167,"y":0.167},"t":63,"s":[168.5,217.5,0],"to":[0,8,0],"ti":[0,-15,0]},{"i":{"x":0.833,"y":0.833},"o":{"x":0.167,"y":0.167},"t":88,"s":[168.5,265.5,0],"to":[0,15,0],"ti":[0,-7,0]},{"t":113,"s":[168.5,307.5,0]}],"ix":2},"a":{"a":0,"k":[51.378,24.25,0],"ix":1},"s":{"a":0,"k":[100,100,100],"ix":6}},"ao":0,"shapes":[{"ty":"gr","it":[{"ind":0,"ty":"sh","ix":1,"ks":{"a":0,"k":{"i":[[0,0],[0,0],[0.126,0.228],[0,0.352],[-0.238,0.32],[-0.322,0],[-0.414,-0.3],[0,0],[0,0],[0.2,0],[0.238,0.32],[0,0.455],[-0.127,0.227],[-0.383,0.289]],"o":[[0,0],[-0.383,-0.289],[-0.127,-0.227],[0,-0.444],[0.238,-0.32],[0.2,0],[0,0],[0,0],[-0.414,0.31],[-0.322,0],[-0.238,-0.32],[0,-0.351],[0.126,-0.228],[0,0]],"v":[[1.846,-0.008],[-5.793,-5.715],[-6.557,-6.49],[-6.747,-7.36],[-6.391,-8.507],[-5.551,-8.988],[-4.631,-8.538],[6.747,-0.008],[-4.631,8.523],[-5.551,8.988],[-6.391,8.507],[-6.747,7.344],[-6.557,6.475],[-5.793,5.701]],"c":true},"ix":2},"nm":"Path 1","mn":"ADBE Vector Shape - Group","hd":false},{"ty":"fl","c":{"a":0,"k":[0.075,0.219999994016,0.328999986836,1],"ix":4},"o":{"a":0,"k":100,"ix":5},"r":1,"bm":0,"nm":"Fill 1","mn":"ADBE Vector Graphic - Fill","hd":false},{"ty":"tr","p":{"a":0,"k":[63.625,28.702],"ix":2},"a":{"a":0,"k":[0,0],"ix":1},"s":{"a":0,"k":[100,100],"ix":3},"r":{"a":0,"k":0,"ix":6},"o":{"a":0,"k":100,"ix":7},"sk":{"a":0,"k":0,"ix":4},"sa":{"a":0,"k":0,"ix":5},"nm":"Transform"}],"nm":"Group 1","np":2,"cix":2,"bm":0,"ix":1,"mn":"ADBE Vector Group","hd":false},{"ty":"gr","it":[{"ind":0,"ty":"sh","ix":1,"ks":{"a":0,"k":{"i":[[0.184,-0.538],[0,0],[0.154,-0.165],[0.284,0],[0.234,0.309],[0,0.392],[-0.185,0.537],[0,0],[-0.146,0.165],[-0.277,0],[-0.23,-0.305],[0,-0.392]],"o":[[0,0],[-0.192,0.548],[-0.199,0.218],[-0.322,0],[-0.234,-0.311],[0,-0.279],[0,0],[0.191,-0.548],[0.207,-0.217],[0.322,0],[0.23,0.305],[0,0.28]],"v":[[4.855,-10.313],[-2.704,11.648],[-3.221,12.717],[-3.947,13.043],[-4.781,12.579],[-5.13,11.524],[-4.854,10.298],[2.727,-11.647],[3.232,-12.717],[3.958,-13.043],[4.786,-12.585],[5.13,-11.539]],"c":true},"ix":2},"nm":"Path 1","mn":"ADBE Vector Shape - Group","hd":false},{"ty":"fl","c":{"a":0,"k":[0.075,0.219999994016,0.328999986836,1],"ix":4},"o":{"a":0,"k":100,"ix":5},"r":1,"bm":0,"nm":"Fill 1","mn":"ADBE Vector Graphic - Fill","hd":false},{"ty":"tr","p":{"a":0,"k":[48.849,28.369],"ix":2},"a":{"a":0,"k":[0,0],"ix":1},"s":{"a":0,"k":[100,100],"ix":3},"r":{"a":0,"k":0,"ix":6},"o":{"a":0,"k":100,"ix":7},"sk":{"a":0,"k":0,"ix":4},"sa":{"a":0,"k":0,"ix":5},"nm":"Transform"}],"nm":"Group 2","np":2,"cix":2,"bm":0,"ix":2,"mn":"ADBE Vector Group","hd":false},{"ty":"gr","it":[{"ind":0,"ty":"sh","ix":1,"ks":{"a":0,"k":{"i":[[0,0],[0,0],[-0.126,-0.228],[0,-0.351],[0.237,-0.325],[0.315,0],[0.414,0.31],[0,0],[0,0],[-0.2,0],[-0.238,-0.32],[0,-0.444],[0.127,-0.227],[0.383,-0.289]],"o":[[0,0],[0.383,0.289],[0.127,0.227],[0,0.444],[-0.238,0.327],[-0.207,0],[0,0],[0,0],[0.414,-0.3],[0.322,0],[0.237,0.32],[0,0.352],[-0.126,0.228],[0,0]],"v":[[-1.846,-0.008],[5.793,5.701],[6.557,6.475],[6.747,7.344],[6.391,8.499],[5.562,8.988],[4.631,8.523],[-6.747,-0.008],[4.631,-8.538],[5.551,-8.988],[6.391,-8.507],[6.747,-7.36],[6.557,-6.49],[5.793,-5.715]],"c":true},"ix":2},"nm":"Path 1","mn":"ADBE Vector Shape - Group","hd":false},{"ty":"fl","c":{"a":0,"k":[0.075,0.219999994016,0.328999986836,1],"ix":4},"o":{"a":0,"k":100,"ix":5},"r":1,"bm":0,"nm":"Fill 1","mn":"ADBE Vector Graphic - Fill","hd":false},{"ty":"tr","p":{"a":0,"k":[34.083,28.702],"ix":2},"a":{"a":0,"k":[0,0],"ix":1},"s":{"a":0,"k":[100,100],"ix":3},"r":{"a":0,"k":0,"ix":6},"o":{"a":0,"k":100,"ix":7},"sk":{"a":0,"k":0,"ix":4},"sa":{"a":0,"k":0,"ix":5},"nm":"Transform"}],"nm":"Group 3","np":2,"cix":2,"bm":0,"ix":3,"mn":"ADBE Vector Group","hd":false},{"ty":"gr","it":[{"ind":0,"ty":"sh","ix":1,"ks":{"a":0,"k":{"i":[[0.626,0],[0,0],[0,-0.406],[0,0],[0,0],[-0.627,0],[0,0],[0,0.407],[0,0],[0,0]],"o":[[0,0],[-0.627,0],[0,0],[0,0],[0,0.407],[0,0],[0.626,0],[0,0],[0,0],[0,-0.406]],"v":[[49.993,-24],[-49.992,-24],[-51.128,-23.264],[-51.128,-19.309],[-51.128,23.264],[-49.992,24],[49.993,24],[51.128,23.264],[51.128,-19.309],[51.128,-23.264]],"c":true},"ix":2},"nm":"Path 1","mn":"ADBE Vector Shape - Group","hd":false},{"ind":1,"ty":"sh","ix":2,"ks":{"a":0,"k":{"i":[[0,0],[-0.06,-0.046],[0,0],[0,0],[0.241,0],[0,0],[0.059,0.046],[0,0],[0,0],[-0.242,0]],"o":[[0.241,0],[0,0],[0,0],[-0.06,0.046],[0,0],[-0.242,0],[0,0],[0,0],[0.059,-0.046],[0,0]],"v":[[49.993,-23.323],[50.451,-23.2],[50.451,-19.309],[50.451,23.2],[49.993,23.322],[-49.992,23.322],[-50.451,23.2],[-50.451,-19.309],[-50.451,-23.2],[-49.992,-23.323]],"c":true},"ix":2},"nm":"Path 2","mn":"ADBE Vector Shape - Group","hd":false},{"ty":"mm","mm":1,"nm":"Merge Paths 1","mn":"ADBE Vector Filter - Merge","hd":false},{"ty":"fl","c":{"a":0,"k":[0.141000007181,0.19199999641,0.368999974868,1],"ix":4},"o":{"a":0,"k":100,"ix":5},"r":1,"bm":0,"nm":"Fill 1","mn":"ADBE Vector Graphic - Fill","hd":false},{"ty":"tr","p":{"a":0,"k":[51.378,24.25],"ix":2},"a":{"a":0,"k":[0,0],"ix":1},"s":{"a":0,"k":[100,100],"ix":3},"r":{"a":0,"k":0,"ix":6},"o":{"a":0,"k":100,"ix":7},"sk":{"a":0,"k":0,"ix":4},"sa":{"a":0,"k":0,"ix":5},"nm":"Transform"}],"nm":"Group 4","np":4,"cix":2,"bm":0,"ix":4,"mn":"ADBE Vector Group","hd":false},{"ty":"gr","it":[{"ind":0,"ty":"sh","ix":1,"ks":{"a":0,"k":{"i":[[0,-0.558],[0.557,0],[0,0.557],[-0.557,0]],"o":[[0,0.557],[-0.557,0],[0,-0.558],[0.557,0]],"v":[[1.009,0],[0,1.009],[-1.009,0],[0,-1.009]],"c":true},"ix":2},"nm":"Path 1","mn":"ADBE Vector Shape - Group","hd":false},{"ty":"fl","c":{"a":0,"k":[0.54900004069,0.776000019148,0.246999987434,1],"ix":4},"o":{"a":0,"k":100,"ix":5},"r":1,"bm":0,"nm":"Fill 1","mn":"ADBE Vector Graphic - Fill","hd":false},{"ty":"tr","p":{"a":0,"k":[10.678,3.95],"ix":2},"a":{"a":0,"k":[0,0],"ix":1},"s":{"a":0,"k":[100,100],"ix":3},"r":{"a":0,"k":0,"ix":6},"o":{"a":0,"k":100,"ix":7},"sk":{"a":0,"k":0,"ix":4},"sa":{"a":0,"k":0,"ix":5},"nm":"Transform"}],"nm":"Group 5","np":2,"cix":2,"bm":0,"ix":5,"mn":"ADBE Vector Group","hd":false},{"ty":"gr","it":[{"ind":0,"ty":"sh","ix":1,"ks":{"a":0,"k":{"i":[[0,-0.558],[0.557,0],[0,0.557],[-0.557,0]],"o":[[0,0.557],[-0.557,0],[0,-0.558],[0.557,0]],"v":[[1.009,0],[0,1.009],[-1.009,0],[0,-1.009]],"c":true},"ix":2},"nm":"Path 1","mn":"ADBE Vector Shape - Group","hd":false},{"ty":"fl","c":{"a":0,"k":[0.984000052658,0.689999988032,0.231000010173,1],"ix":4},"o":{"a":0,"k":100,"ix":5},"r":1,"bm":0,"nm":"Fill 1","mn":"ADBE Vector Graphic - Fill","hd":false},{"ty":"tr","p":{"a":0,"k":[7.314,3.95],"ix":2},"a":{"a":0,"k":[0,0],"ix":1},"s":{"a":0,"k":[100,100],"ix":3},"r":{"a":0,"k":0,"ix":6},"o":{"a":0,"k":100,"ix":7},"sk":{"a":0,"k":0,"ix":4},"sa":{"a":0,"k":0,"ix":5},"nm":"Transform"}],"nm":"Group 6","np":2,"cix":2,"bm":0,"ix":6,"mn":"ADBE Vector Group","hd":false},{"ty":"gr","it":[{"ind":0,"ty":"sh","ix":1,"ks":{"a":0,"k":{"i":[[0,-0.558],[0.557,0],[0,0.557],[-0.557,0]],"o":[[0,0.557],[-0.557,0],[0,-0.558],[0.557,0]],"v":[[1.01,0],[0.001,1.009],[-1.01,0],[0.001,-1.009]],"c":true},"ix":2},"nm":"Path 1","mn":"ADBE Vector Shape - Group","hd":false},{"ty":"fl","c":{"a":0,"k":[1,0.113999998803,0.144999994016,1],"ix":4},"o":{"a":0,"k":100,"ix":5},"r":1,"bm":0,"nm":"Fill 1","mn":"ADBE Vector Graphic - Fill","hd":false},{"ty":"tr","p":{"a":0,"k":[3.95,3.95],"ix":2},"a":{"a":0,"k":[0,0],"ix":1},"s":{"a":0,"k":[100,100],"ix":3},"r":{"a":0,"k":0,"ix":6},"o":{"a":0,"k":100,"ix":7},"sk":{"a":0,"k":0,"ix":4},"sa":{"a":0,"k":0,"ix":5},"nm":"Transform"}],"nm":"Group 7","np":2,"cix":2,"bm":0,"ix":7,"mn":"ADBE Vector Group","hd":false},{"ty":"gr","it":[{"ind":0,"ty":"sh","ix":1,"ks":{"a":0,"k":{"i":[[0,0],[0,0],[0,0],[-0.627,0],[0,0],[0,-0.627]],"o":[[0,0],[0,0],[0,-0.627],[0,0],[0.627,0],[0,0]],"v":[[51.128,3.616],[-51.128,3.616],[-51.128,-2.481],[-49.993,-3.616],[49.992,-3.616],[51.128,-2.481]],"c":true},"ix":2},"nm":"Path 1","mn":"ADBE Vector Shape - Group","hd":false},{"ty":"fl","c":{"a":0,"k":[0.141000007181,0.19199999641,0.368999974868,1],"ix":4},"o":{"a":0,"k":100,"ix":5},"r":1,"bm":0,"nm":"Fill 1","mn":"ADBE Vector Graphic - Fill","hd":false},{"ty":"tr","p":{"a":0,"k":[51.377,3.866],"ix":2},"a":{"a":0,"k":[0,0],"ix":1},"s":{"a":0,"k":[100,100],"ix":3},"r":{"a":0,"k":0,"ix":6},"o":{"a":0,"k":100,"ix":7},"sk":{"a":0,"k":0,"ix":4},"sa":{"a":0,"k":0,"ix":5},"nm":"Transform"}],"nm":"Group 8","np":2,"cix":2,"bm":0,"ix":8,"mn":"ADBE Vector Group","hd":false},{"ty":"gr","it":[{"ind":0,"ty":"sh","ix":1,"ks":{"a":0,"k":{"i":[[0.49,0],[0,0],[0,0.49],[0,0],[0,0],[0,0]],"o":[[0,0],[-0.49,0],[0,0],[0,0],[0,0],[0,0.49]],"v":[[50.241,20.384],[-50.241,20.384],[-51.128,19.497],[-51.128,-20.384],[51.128,-20.384],[51.128,19.497]],"c":true},"ix":2},"nm":"Path 1","mn":"ADBE Vector Shape - Group","hd":false},{"ty":"fl","c":{"a":0,"k":[0.902000038297,0.902000038297,0.902000038297,1],"ix":4},"o":{"a":0,"k":100,"ix":5},"r":1,"bm":0,"nm":"Fill 1","mn":"ADBE Vector Graphic - Fill","hd":false},{"ty":"tr","p":{"a":0,"k":[51.378,27.866],"ix":2},"a":{"a":0,"k":[0,0],"ix":1},"s":{"a":0,"k":[100,100],"ix":3},"r":{"a":0,"k":0,"ix":6},"o":{"a":0,"k":100,"ix":7},"sk":{"a":0,"k":0,"ix":4},"sa":{"a":0,"k":0,"ix":5},"nm":"Transform"}],"nm":"Group 9","np":2,"cix":2,"bm":0,"ix":9,"mn":"ADBE Vector Group","hd":false}],"ip":0,"op":509,"st":0,"bm":0},{"ddd":0,"ind":3,"ty":4,"nm":"css Outlines","sr":1,"ks":{"o":{"a":1,"k":[{"i":{"x":[0.833],"y":[0.833]},"o":{"x":[0.167],"y":[0.167]},"t":113,"s":[100]},{"i":{"x":[0.833],"y":[0.833]},"o":{"x":[0.167],"y":[0.167]},"t":201,"s":[100]},{"t":226,"s":[0]}],"ix":11},"r":{"a":0,"k":0,"ix":10},"p":{"a":1,"k":[{"i":{"x":0.833,"y":0.833},"o":{"x":0.167,"y":0.167},"t":63,"s":[395.5,276,0],"to":[0,0,0],"ti":[0,0,0]},{"i":{"x":0.833,"y":0.833},"o":{"x":0.167,"y":0.167},"t":88,"s":[395.127,217.5,0],"to":[0,0,0],"ti":[0,0,0]},{"i":{"x":0.833,"y":0.833},"o":{"x":0.167,"y":0.167},"t":127,"s":[395,218.5,0],"to":[0,0,0],"ti":[0,0,0]},{"i":{"x":0.833,"y":0.833},"o":{"x":0.167,"y":0.167},"t":163,"s":[208.5,217.5,0],"to":[0,0,0],"ti":[0,0,0]},{"i":{"x":0.833,"y":0.833},"o":{"x":0.167,"y":0.167},"t":175,"s":[168.5,217.5,0],"to":[0,0,0],"ti":[0,0,0]},{"i":{"x":0.833,"y":0.833},"o":{"x":0.167,"y":0.167},"t":176,"s":[168.5,217.5,0],"to":[0,0,0],"ti":[0,0,0]},{"i":{"x":0.833,"y":0.833},"o":{"x":0.167,"y":0.167},"t":201,"s":[168.5,265.5,0],"to":[0,0,0],"ti":[0,-7,0]},{"t":226,"s":[168.5,307.5,0]}],"ix":2},"a":{"a":0,"k":[51.377,24.25,0],"ix":1},"s":{"a":0,"k":[100,100,100],"ix":6}},"ao":0,"shapes":[{"ty":"gr","it":[{"ind":0,"ty":"sh","ix":1,"ks":{"a":0,"k":{"i":[[0.689,0.372],[0.15,-0.082],[0.218,0],[0.259,0.286],[0,0.663],[0,0],[-0.259,0.286],[-0.426,0],[-0.223,-0.173],[-0.118,-0.403],[-0.127,-0.145],[-0.672,-0.291],[-0.8,0],[-0.798,0.582],[0,0.518],[0.245,0.305],[0.553,0.2],[1.263,0.237],[0.781,0.399],[0.453,0.727],[0,0.844],[-1.117,1.004],[-1.789,0],[-0.612,-0.16],[-0.499,-0.327],[-0.363,0],[-0.259,-0.287],[0,-0.663],[0,0],[0.259,-0.287],[0.408,0],[0.255,0.209],[0.099,0.463],[0.154,0.2],[0.526,0.236],[0.69,0],[0.586,-0.467],[0,-0.508],[-0.241,-0.322],[-0.463,-0.181],[-1.43,-0.281],[-0.768,-0.336],[-0.509,-0.716],[0,-0.989],[0.972,-0.826],[1.997,0],[0.731,0.185]],"o":[[-0.246,0.29],[-0.15,0.081],[-0.426,0],[-0.259,-0.286],[0,0],[0,-0.672],[0.259,-0.286],[0.328,0],[0.222,0.172],[0.119,0.404],[0.263,0.282],[0.672,0.291],[1.243,0],[0.508,-0.353],[0,-0.345],[-0.245,-0.304],[-0.364,-0.136],[-1.525,-0.281],[-0.781,-0.399],[-0.454,-0.726],[0,-1.335],[1.117,-1.003],[0.718,0],[0.614,0.159],[0.364,-0.353],[0.408,0],[0.259,0.285],[0,0],[0,0.672],[-0.259,0.285],[-0.346,0],[-0.199,-0.154],[-0.1,-0.464],[-0.264,-0.345],[-0.526,-0.237],[-1.008,0],[-0.586,0.468],[0,0.345],[0.24,0.323],[0.309,0.127],[1.43,0.282],[0.766,0.336],[0.509,0.718],[0,1.381],[-1.29,1.09],[-0.773,0],[-0.731,-0.187]],"v":[[-4.105,7.553],[-4.699,8.113],[-5.251,8.235],[-6.278,7.806],[-6.667,6.381],[-6.667,4.502],[-6.278,3.066],[-5.251,2.637],[-4.425,2.896],[-3.916,3.76],[-3.548,4.584],[-2.144,5.443],[0.063,5.878],[3.127,5.006],[3.89,3.699],[3.521,2.725],[2.324,1.969],[-0.115,1.41],[-3.575,0.389],[-5.426,-1.301],[-6.109,-3.657],[-4.433,-7.165],[-0.075,-8.67],[1.92,-8.431],[3.589,-7.703],[4.679,-8.234],[5.68,-7.804],[6.07,-6.382],[6.07,-4.284],[5.68,-2.845],[4.679,-2.418],[3.781,-2.731],[3.331,-3.657],[2.951,-4.652],[1.765,-5.523],[-0.061,-5.878],[-2.451,-5.176],[-3.33,-3.712],[-2.968,-2.711],[-1.913,-1.955],[0.696,-1.342],[3.993,-0.416],[5.906,1.165],[6.667,3.726],[5.21,7.036],[0.281,8.67],[-1.975,8.392]],"c":true},"ix":2},"nm":"Path 1","mn":"ADBE Vector Shape - Group","hd":false},{"ty":"fl","c":{"a":0,"k":[0,0,0,1],"ix":4},"o":{"a":0,"k":100,"ix":5},"r":1,"bm":0,"nm":"Fill 1","mn":"ADBE Vector Graphic - Fill","hd":false},{"ty":"tr","p":{"a":0,"k":[70.888,26.191],"ix":2},"a":{"a":0,"k":[0,0],"ix":1},"s":{"a":0,"k":[100,100],"ix":3},"r":{"a":0,"k":0,"ix":6},"o":{"a":0,"k":100,"ix":7},"sk":{"a":0,"k":0,"ix":4},"sa":{"a":0,"k":0,"ix":5},"nm":"Transform"}],"nm":"Group 1","np":2,"cix":2,"bm":0,"ix":1,"mn":"ADBE Vector Group","hd":false},{"ty":"gr","it":[{"ind":0,"ty":"sh","ix":1,"ks":{"a":0,"k":{"i":[[0.689,0.372],[0.15,-0.082],[0.218,0],[0.259,0.286],[0,0.663],[0,0],[-0.259,0.286],[-0.426,0],[-0.223,-0.173],[-0.118,-0.403],[-0.127,-0.145],[-0.672,-0.291],[-0.8,0],[-0.798,0.582],[0,0.518],[0.245,0.305],[0.553,0.2],[1.263,0.237],[0.781,0.399],[0.453,0.727],[0,0.844],[-1.117,1.004],[-1.789,0],[-0.612,-0.16],[-0.499,-0.327],[-0.363,0],[-0.259,-0.287],[0,-0.663],[0,0],[0.259,-0.287],[0.408,0],[0.255,0.209],[0.099,0.463],[0.154,0.2],[0.526,0.236],[0.69,0],[0.586,-0.467],[0,-0.508],[-0.241,-0.322],[-0.463,-0.181],[-1.43,-0.281],[-0.768,-0.336],[-0.509,-0.716],[0,-0.989],[0.972,-0.826],[1.997,0],[0.731,0.185]],"o":[[-0.246,0.29],[-0.15,0.081],[-0.426,0],[-0.259,-0.286],[0,0],[0,-0.672],[0.259,-0.286],[0.328,0],[0.222,0.172],[0.119,0.404],[0.263,0.282],[0.672,0.291],[1.243,0],[0.508,-0.353],[0,-0.345],[-0.245,-0.304],[-0.364,-0.136],[-1.525,-0.281],[-0.781,-0.399],[-0.454,-0.726],[0,-1.335],[1.117,-1.003],[0.718,0],[0.614,0.159],[0.364,-0.353],[0.408,0],[0.259,0.285],[0,0],[0,0.672],[-0.259,0.285],[-0.346,0],[-0.199,-0.154],[-0.1,-0.464],[-0.264,-0.345],[-0.526,-0.237],[-1.008,0],[-0.586,0.468],[0,0.345],[0.24,0.323],[0.309,0.127],[1.43,0.282],[0.766,0.336],[0.509,0.718],[0,1.381],[-1.29,1.09],[-0.773,0],[-0.731,-0.187]],"v":[[-4.105,7.553],[-4.699,8.113],[-5.251,8.235],[-6.278,7.806],[-6.667,6.381],[-6.667,4.502],[-6.278,3.066],[-5.251,2.637],[-4.425,2.896],[-3.916,3.76],[-3.548,4.584],[-2.144,5.443],[0.063,5.878],[3.127,5.006],[3.89,3.699],[3.521,2.725],[2.324,1.969],[-0.115,1.41],[-3.575,0.389],[-5.426,-1.301],[-6.109,-3.657],[-4.433,-7.165],[-0.075,-8.67],[1.92,-8.431],[3.589,-7.703],[4.679,-8.234],[5.68,-7.804],[6.07,-6.382],[6.07,-4.284],[5.68,-2.845],[4.679,-2.418],[3.781,-2.731],[3.331,-3.657],[2.951,-4.652],[1.765,-5.523],[-0.061,-5.878],[-2.451,-5.176],[-3.33,-3.712],[-2.968,-2.711],[-1.913,-1.955],[0.696,-1.342],[3.993,-0.416],[5.906,1.165],[6.667,3.726],[5.21,7.036],[0.281,8.67],[-1.975,8.392]],"c":true},"ix":2},"nm":"Path 1","mn":"ADBE Vector Shape - Group","hd":false},{"ty":"fl","c":{"a":0,"k":[0,0,0,1],"ix":4},"o":{"a":0,"k":100,"ix":5},"r":1,"bm":0,"nm":"Fill 1","mn":"ADBE Vector Graphic - Fill","hd":false},{"ty":"tr","p":{"a":0,"k":[54.147,26.191],"ix":2},"a":{"a":0,"k":[0,0],"ix":1},"s":{"a":0,"k":[100,100],"ix":3},"r":{"a":0,"k":0,"ix":6},"o":{"a":0,"k":100,"ix":7},"sk":{"a":0,"k":0,"ix":4},"sa":{"a":0,"k":0,"ix":5},"nm":"Transform"}],"nm":"Group 2","np":2,"cix":2,"bm":0,"ix":2,"mn":"ADBE Vector Group","hd":false},{"ty":"gr","it":[{"ind":0,"ty":"sh","ix":1,"ks":{"a":0,"k":{"i":[[-0.608,-0.382],[-0.204,0.118],[-0.236,0],[-0.259,-0.281],[0,-0.672],[0,0],[0.258,-0.286],[0.409,0],[0.227,0.209],[0.109,0.571],[0.192,0.209],[0.668,0.245],[0.672,0],[0.7,-0.363],[0.535,-0.818],[0,-1.126],[0,0],[-0.976,-0.898],[-1.734,0],[-0.718,0.281],[-0.472,0.482],[-0.163,0.086],[-0.209,0],[-0.281,-0.282],[0,-0.382],[0.381,-0.436],[0.872,-0.364],[1.416,0],[1.325,0.681],[0.754,1.177],[0,1.389],[0,0],[-0.677,1.258],[-1.198,0.68],[-1.344,0],[-0.704,-0.186]],"o":[[0.173,-0.236],[0.205,-0.118],[0.409,0],[0.258,0.281],[0,0],[0,0.672],[-0.259,0.285],[-0.372,0],[-0.227,-0.209],[-0.063,-0.382],[-0.372,-0.408],[-0.667,-0.245],[-0.836,0],[-0.699,0.363],[-0.536,0.817],[0,0],[0,1.344],[0.976,0.9],[1.035,0],[0.417,-0.164],[0.29,-0.29],[0.163,-0.087],[0.373,0],[0.281,0.281],[0,0.381],[-0.554,0.635],[-1.172,0.49],[-1.653,0],[-1.071,-0.545],[-0.754,-1.175],[0,0],[0,-1.452],[0.675,-1.258],[1.198,-0.681],[0.808,0],[0.703,0.186]],"v":[[4.413,-7.539],[4.978,-8.07],[5.639,-8.248],[6.641,-7.825],[7.028,-6.395],[7.028,-4.025],[6.641,-2.588],[5.639,-2.159],[4.74,-2.473],[4.236,-3.643],[3.854,-4.529],[2.295,-5.51],[0.286,-5.878],[-2.016,-5.333],[-3.868,-3.562],[-4.672,-0.646],[-4.672,1.165],[-3.208,4.529],[0.858,5.878],[3.487,5.456],[4.822,4.488],[5.503,3.924],[6.061,3.794],[7.042,4.217],[7.464,5.211],[6.892,6.437],[4.754,7.935],[0.872,8.67],[-3.596,7.649],[-6.334,5.067],[-7.464,1.22],[-7.464,-0.674],[-6.449,-4.74],[-3.637,-7.648],[0.177,-8.67],[2.445,-8.391]],"c":true},"ix":2},"nm":"Path 1","mn":"ADBE Vector Shape - Group","hd":false},{"ty":"fl","c":{"a":0,"k":[0,0,0,1],"ix":4},"o":{"a":0,"k":100,"ix":5},"r":1,"bm":0,"nm":"Fill 1","mn":"ADBE Vector Graphic - Fill","hd":false},{"ty":"tr","p":{"a":0,"k":[37.347,26.191],"ix":2},"a":{"a":0,"k":[0,0],"ix":1},"s":{"a":0,"k":[100,100],"ix":3},"r":{"a":0,"k":0,"ix":6},"o":{"a":0,"k":100,"ix":7},"sk":{"a":0,"k":0,"ix":4},"sa":{"a":0,"k":0,"ix":5},"nm":"Transform"}],"nm":"Group 3","np":2,"cix":2,"bm":0,"ix":3,"mn":"ADBE Vector Group","hd":false},{"ty":"gr","it":[{"ind":0,"ty":"sh","ix":1,"ks":{"a":0,"k":{"i":[[0.627,0],[0,0],[0,-0.407],[0,0],[0,0],[-0.627,0],[0,0],[0,0.407],[0,0],[0,0]],"o":[[0,0],[-0.627,0],[0,0],[0,0],[0,0.407],[0,0],[0.627,0],[0,0],[0,0],[0,-0.407]],"v":[[49.992,-24],[-49.992,-24],[-51.127,-23.264],[-51.127,-19.309],[-51.127,23.264],[-49.992,24],[49.992,24],[51.127,23.264],[51.127,-19.309],[51.127,-23.264]],"c":true},"ix":2},"nm":"Path 1","mn":"ADBE Vector Shape - Group","hd":false},{"ind":1,"ty":"sh","ix":2,"ks":{"a":0,"k":{"i":[[0,0],[-0.06,-0.046],[0,0],[0,0],[0.242,0],[0,0],[0.059,0.046],[0,0],[0,0],[-0.243,0]],"o":[[0.242,0],[0,0],[0,0],[-0.06,0.046],[0,0],[-0.243,0],[0,0],[0,0],[0.059,-0.046],[0,0]],"v":[[49.992,-23.322],[50.45,-23.2],[50.45,-19.309],[50.45,23.2],[49.992,23.322],[-49.992,23.322],[-50.45,23.2],[-50.45,-19.309],[-50.45,-23.2],[-49.992,-23.322]],"c":true},"ix":2},"nm":"Path 2","mn":"ADBE Vector Shape - Group","hd":false},{"ty":"mm","mm":1,"nm":"Merge Paths 1","mn":"ADBE Vector Filter - Merge","hd":false},{"ty":"fl","c":{"a":0,"k":[0.141000007181,0.19199999641,0.368999974868,1],"ix":4},"o":{"a":0,"k":100,"ix":5},"r":1,"bm":0,"nm":"Fill 1","mn":"ADBE Vector Graphic - Fill","hd":false},{"ty":"tr","p":{"a":0,"k":[51.377,24.25],"ix":2},"a":{"a":0,"k":[0,0],"ix":1},"s":{"a":0,"k":[100,100],"ix":3},"r":{"a":0,"k":0,"ix":6},"o":{"a":0,"k":100,"ix":7},"sk":{"a":0,"k":0,"ix":4},"sa":{"a":0,"k":0,"ix":5},"nm":"Transform"}],"nm":"Group 4","np":4,"cix":2,"bm":0,"ix":4,"mn":"ADBE Vector Group","hd":false},{"ty":"gr","it":[{"ind":0,"ty":"sh","ix":1,"ks":{"a":0,"k":{"i":[[0,-0.558],[0.558,0],[0,0.557],[-0.556,0]],"o":[[0,0.557],[-0.556,0],[0,-0.558],[0.558,0]],"v":[[1.01,0.001],[-0.001,1.01],[-1.01,0.001],[-0.001,-1.01]],"c":true},"ix":2},"nm":"Path 1","mn":"ADBE Vector Shape - Group","hd":false},{"ty":"fl","c":{"a":0,"k":[0.54900004069,0.776000019148,0.246999987434,1],"ix":4},"o":{"a":0,"k":100,"ix":5},"r":1,"bm":0,"nm":"Fill 1","mn":"ADBE Vector Graphic - Fill","hd":false},{"ty":"tr","p":{"a":0,"k":[10.677,3.95],"ix":2},"a":{"a":0,"k":[0,0],"ix":1},"s":{"a":0,"k":[100,100],"ix":3},"r":{"a":0,"k":0,"ix":6},"o":{"a":0,"k":100,"ix":7},"sk":{"a":0,"k":0,"ix":4},"sa":{"a":0,"k":0,"ix":5},"nm":"Transform"}],"nm":"Group 5","np":2,"cix":2,"bm":0,"ix":5,"mn":"ADBE Vector Group","hd":false},{"ty":"gr","it":[{"ind":0,"ty":"sh","ix":1,"ks":{"a":0,"k":{"i":[[0,-0.558],[0.558,0],[0,0.557],[-0.557,0]],"o":[[0,0.557],[-0.557,0],[0,-0.558],[0.558,0]],"v":[[1.009,0.001],[0,1.01],[-1.009,0.001],[0,-1.01]],"c":true},"ix":2},"nm":"Path 1","mn":"ADBE Vector Shape - Group","hd":false},{"ty":"fl","c":{"a":0,"k":[0.984000052658,0.689999988032,0.231000010173,1],"ix":4},"o":{"a":0,"k":100,"ix":5},"r":1,"bm":0,"nm":"Fill 1","mn":"ADBE Vector Graphic - Fill","hd":false},{"ty":"tr","p":{"a":0,"k":[7.313,3.95],"ix":2},"a":{"a":0,"k":[0,0],"ix":1},"s":{"a":0,"k":[100,100],"ix":3},"r":{"a":0,"k":0,"ix":6},"o":{"a":0,"k":100,"ix":7},"sk":{"a":0,"k":0,"ix":4},"sa":{"a":0,"k":0,"ix":5},"nm":"Transform"}],"nm":"Group 6","np":2,"cix":2,"bm":0,"ix":6,"mn":"ADBE Vector Group","hd":false},{"ty":"gr","it":[{"ind":0,"ty":"sh","ix":1,"ks":{"a":0,"k":{"i":[[0,-0.558],[0.558,0],[0,0.557],[-0.556,0]],"o":[[0,0.557],[-0.556,0],[0,-0.558],[0.558,0]],"v":[[1.01,0.001],[-0.001,1.01],[-1.01,0.001],[-0.001,-1.01]],"c":true},"ix":2},"nm":"Path 1","mn":"ADBE Vector Shape - Group","hd":false},{"ty":"fl","c":{"a":0,"k":[1,0.113999998803,0.144999994016,1],"ix":4},"o":{"a":0,"k":100,"ix":5},"r":1,"bm":0,"nm":"Fill 1","mn":"ADBE Vector Graphic - Fill","hd":false},{"ty":"tr","p":{"a":0,"k":[3.949,3.95],"ix":2},"a":{"a":0,"k":[0,0],"ix":1},"s":{"a":0,"k":[100,100],"ix":3},"r":{"a":0,"k":0,"ix":6},"o":{"a":0,"k":100,"ix":7},"sk":{"a":0,"k":0,"ix":4},"sa":{"a":0,"k":0,"ix":5},"nm":"Transform"}],"nm":"Group 7","np":2,"cix":2,"bm":0,"ix":7,"mn":"ADBE Vector Group","hd":false},{"ty":"gr","it":[{"ind":0,"ty":"sh","ix":1,"ks":{"a":0,"k":{"i":[[0,0],[0,0],[0,0],[-0.627,0],[0,0],[0,-0.627]],"o":[[0,0],[0,0],[0,-0.627],[0,0],[0.627,0],[0,0]],"v":[[51.127,3.615],[-51.127,3.615],[-51.127,-2.482],[-49.992,-3.615],[49.992,-3.615],[51.127,-2.482]],"c":true},"ix":2},"nm":"Path 1","mn":"ADBE Vector Shape - Group","hd":false},{"ty":"fl","c":{"a":0,"k":[0.141000007181,0.19199999641,0.368999974868,1],"ix":4},"o":{"a":0,"k":100,"ix":5},"r":1,"bm":0,"nm":"Fill 1","mn":"ADBE Vector Graphic - Fill","hd":false},{"ty":"tr","p":{"a":0,"k":[51.377,3.866],"ix":2},"a":{"a":0,"k":[0,0],"ix":1},"s":{"a":0,"k":[100,100],"ix":3},"r":{"a":0,"k":0,"ix":6},"o":{"a":0,"k":100,"ix":7},"sk":{"a":0,"k":0,"ix":4},"sa":{"a":0,"k":0,"ix":5},"nm":"Transform"}],"nm":"Group 8","np":2,"cix":2,"bm":0,"ix":8,"mn":"ADBE Vector Group","hd":false},{"ty":"gr","it":[{"ind":0,"ty":"sh","ix":1,"ks":{"a":0,"k":{"i":[[0.49,0],[0,0],[0,0.49],[0,0],[0,0],[0,0]],"o":[[0,0],[-0.491,0],[0,0],[0,0],[0,0],[0,0.49]],"v":[[50.24,20.385],[-50.24,20.385],[-51.127,19.498],[-51.127,-20.385],[51.127,-20.385],[51.127,19.498]],"c":true},"ix":2},"nm":"Path 1","mn":"ADBE Vector Shape - Group","hd":false},{"ty":"fl","c":{"a":0,"k":[0.902000038297,0.902000038297,0.902000038297,1],"ix":4},"o":{"a":0,"k":100,"ix":5},"r":1,"bm":0,"nm":"Fill 1","mn":"ADBE Vector Graphic - Fill","hd":false},{"ty":"tr","p":{"a":0,"k":[51.377,27.866],"ix":2},"a":{"a":0,"k":[0,0],"ix":1},"s":{"a":0,"k":[100,100],"ix":3},"r":{"a":0,"k":0,"ix":6},"o":{"a":0,"k":100,"ix":7},"sk":{"a":0,"k":0,"ix":4},"sa":{"a":0,"k":0,"ix":5},"nm":"Transform"}],"nm":"Group 9","np":2,"cix":2,"bm":0,"ix":9,"mn":"ADBE Vector Group","hd":false}],"ip":0,"op":509,"st":0,"bm":0},{"ddd":0,"ind":4,"ty":4,"nm":"html Outlines","sr":1,"ks":{"o":{"a":1,"k":[{"i":{"x":[0.833],"y":[0.833]},"o":{"x":[0.167],"y":[0.167]},"t":226,"s":[100]},{"i":{"x":[0.833],"y":[0.833]},"o":{"x":[0.167],"y":[0.167]},"t":314,"s":[100]},{"t":339,"s":[0]}],"ix":11},"r":{"a":0,"k":0,"ix":10},"p":{"a":1,"k":[{"i":{"x":0.833,"y":0.833},"o":{"x":0.167,"y":0.167},"t":63,"s":[395.5,332,0],"to":[0,-9.333,0],"ti":[0,0,0]},{"i":{"x":0.833,"y":0.833},"o":{"x":0.167,"y":0.167},"t":88,"s":[395.5,276,0],"to":[0,0,0],"ti":[0,0,0]},{"i":{"x":0.833,"y":0.833},"o":{"x":0.167,"y":0.167},"t":176,"s":[395.5,276,0],"to":[0,0,0],"ti":[0,0,0]},{"i":{"x":0.833,"y":0.833},"o":{"x":0.167,"y":0.167},"t":201,"s":[395.127,217.5,0],"to":[0,0,0],"ti":[0,0,0]},{"i":{"x":0.833,"y":0.833},"o":{"x":0.167,"y":0.167},"t":240,"s":[395,218.5,0],"to":[0,0,0],"ti":[0,0,0]},{"i":{"x":0.833,"y":0.833},"o":{"x":0.167,"y":0.167},"t":276,"s":[208.5,217.5,0],"to":[0,0,0],"ti":[0,0,0]},{"i":{"x":0.833,"y":0.833},"o":{"x":0.167,"y":0.167},"t":288,"s":[168.5,217.5,0],"to":[0,0,0],"ti":[0,0,0]},{"i":{"x":0.833,"y":0.833},"o":{"x":0.167,"y":0.167},"t":289,"s":[168.5,217.5,0],"to":[0,0,0],"ti":[0,0,0]},{"i":{"x":0.833,"y":0.833},"o":{"x":0.167,"y":0.167},"t":314,"s":[168.5,265.5,0],"to":[0,0,0],"ti":[0,-7,0]},{"t":339,"s":[168.5,307.5,0]}],"ix":2},"a":{"a":0,"k":[51.377,24.25,0],"ix":1},"s":{"a":0,"k":[100,100,100],"ix":6}},"ao":0,"shapes":[{"ty":"gr","it":[{"ind":0,"ty":"sh","ix":1,"ks":{"a":0,"k":{"i":[[0,0],[0,0],[0,0],[0,0],[-0.259,0.286],[-0.418,0],[-0.259,-0.286],[0,-0.672],[0,0],[0,0],[0.287,0.259],[0,0.417],[-0.286,0.258],[-0.672,0],[0,0],[0,0],[0,0],[0.287,0.259],[0,0.418],[-0.286,0.259],[-0.672,0],[0,0],[-0.286,-0.254],[0,-0.418],[0.286,-0.258],[0.672,0]],"o":[[0,0],[0,0],[0,0],[0,-0.672],[0.259,-0.286],[0.408,0],[0.259,0.286],[0,0],[0,0],[-0.672,0],[-0.286,-0.259],[0,-0.409],[0.287,-0.259],[0,0],[0,0],[0,0],[-0.672,0],[-0.286,-0.258],[0,-0.418],[0.287,-0.259],[0,0],[0.672,0],[0.286,0.254],[0,0.418],[-0.286,0.259],[0,0]],"v":[[-1.267,-5.455],[-1.267,5.47],[4.754,5.47],[4.754,2.827],[5.142,1.39],[6.157,0.961],[7.158,1.39],[7.546,2.827],[7.546,8.262],[-5.68,8.262],[-7.117,7.873],[-7.546,6.859],[-7.117,5.858],[-5.68,5.47],[-4.059,5.47],[-4.059,-5.455],[-5.68,-5.455],[-7.117,-5.844],[-7.546,-6.858],[-7.117,-7.873],[-5.68,-8.262],[0.368,-8.248],[1.805,-7.866],[2.234,-6.858],[1.805,-5.844],[0.368,-5.455]],"c":true},"ix":2},"nm":"Path 1","mn":"ADBE Vector Shape - Group","hd":false},{"ty":"fl","c":{"a":0,"k":[0,0,0,1],"ix":4},"o":{"a":0,"k":100,"ix":5},"r":1,"bm":0,"nm":"Fill 1","mn":"ADBE Vector Graphic - Fill","hd":false},{"ty":"tr","p":{"a":0,"k":[77.704,26.191],"ix":2},"a":{"a":0,"k":[0,0],"ix":1},"s":{"a":0,"k":[100,100],"ix":3},"r":{"a":0,"k":0,"ix":6},"o":{"a":0,"k":100,"ix":7},"sk":{"a":0,"k":0,"ix":4},"sa":{"a":0,"k":0,"ix":5},"nm":"Transform"}],"nm":"Group 1","np":2,"cix":2,"bm":0,"ix":1,"mn":"ADBE Vector Group","hd":false},{"ty":"gr","it":[{"ind":0,"ty":"sh","ix":1,"ks":{"a":0,"k":{"i":[[0,0],[0,0],[0,0],[-0.286,-0.259],[0,-0.417],[0.286,-0.259],[0.672,0],[0,0],[0.286,0.258],[0,0.418],[-0.281,0.259],[-0.59,0],[0,0],[0.249,0.255],[0,0.381],[-0.286,0.259],[-0.672,0],[0,0],[0,0],[0,0],[0,0],[-0.286,-0.254],[0,-0.418],[0.254,-0.254],[0.482,-0.045],[0,0],[-0.281,-0.263],[0,-0.409],[0.286,-0.259],[0.672,0],[0,0],[0.286,0.258],[0,0.418],[-0.286,0.259],[-0.663,0],[0,0],[0,0],[0,0],[0,0]],"o":[[0,0],[0,0],[0.672,0],[0.286,0.259],[0,0.409],[-0.286,0.258],[0,0],[-0.672,0],[-0.286,-0.259],[0,-0.408],[0.282,-0.259],[0,0],[-0.49,-0.045],[-0.25,-0.254],[0,-0.418],[0.286,-0.258],[0,0],[0,0],[0,0],[0,0],[0.672,0],[0.286,0.254],[0,0.381],[-0.255,0.255],[0,0],[0.59,0],[0.281,0.263],[0,0.409],[-0.286,0.258],[0,0],[-0.663,0],[-0.286,-0.259],[0,-0.408],[0.286,-0.259],[0,0],[0,0],[0,0],[0,0],[0,0]],"v":[[-4.433,-2.853],[-4.433,5.469],[-3.425,5.469],[-1.99,5.857],[-1.559,6.872],[-1.99,7.873],[-3.425,8.261],[-7.089,8.261],[-8.528,7.873],[-8.955,6.858],[-8.535,5.857],[-7.227,5.469],[-7.227,-5.455],[-8.335,-5.905],[-8.71,-6.858],[-8.283,-7.873],[-6.844,-8.261],[-3.781,-8.248],[0.02,0.157],[3.752,-8.261],[6.843,-8.248],[8.282,-7.866],[8.71,-6.858],[8.329,-5.905],[7.226,-5.455],[7.226,5.469],[8.533,5.864],[8.955,6.872],[8.527,7.873],[7.089,8.261],[3.412,8.261],[1.989,7.873],[1.559,6.858],[1.989,5.857],[3.412,5.469],[4.433,5.469],[4.433,-2.853],[1.232,4.338],[-1.192,4.338]],"c":true},"ix":2},"nm":"Path 1","mn":"ADBE Vector Shape - Group","hd":false},{"ty":"fl","c":{"a":0,"k":[0,0,0,1],"ix":4},"o":{"a":0,"k":100,"ix":5},"r":1,"bm":0,"nm":"Fill 1","mn":"ADBE Vector Graphic - Fill","hd":false},{"ty":"tr","p":{"a":0,"k":[60.93,26.191],"ix":2},"a":{"a":0,"k":[0,0],"ix":1},"s":{"a":0,"k":[100,100],"ix":3},"r":{"a":0,"k":0,"ix":6},"o":{"a":0,"k":100,"ix":7},"sk":{"a":0,"k":0,"ix":4},"sa":{"a":0,"k":0,"ix":5},"nm":"Transform"}],"nm":"Group 2","np":2,"cix":2,"bm":0,"ix":2,"mn":"ADBE Vector Group","hd":false},{"ty":"gr","it":[{"ind":0,"ty":"sh","ix":1,"ks":{"a":0,"k":{"i":[[0,0],[0,0],[0,0],[-0.286,-0.259],[0,-0.417],[0.287,-0.259],[0.672,0],[0,0],[0.286,0.259],[0,0.417],[-0.286,0.258],[-0.673,0],[0,0],[0,0],[0,0],[0,0],[0.259,-0.286],[0.418,0],[0.259,0.286],[0,0.672],[0,0],[0,0],[0,0],[0.259,-0.286],[0.417,0],[0.259,0.286],[0,0.672],[0,0]],"o":[[0,0],[0,0],[0.672,0],[0.287,0.258],[0,0.409],[-0.286,0.259],[0,0],[-0.673,0],[-0.286,-0.259],[0,-0.409],[0.286,-0.259],[0,0],[0,0],[0,0],[0,0],[0,0.672],[-0.259,0.286],[-0.408,0],[-0.258,-0.286],[0,0],[0,0],[0,0],[0,0.672],[-0.259,0.286],[-0.409,0],[-0.26,-0.286],[0,0],[0,0]],"v":[[1.376,-5.455],[1.376,5.47],[3.256,5.47],[4.692,5.858],[5.121,6.872],[4.692,7.873],[3.256,8.262],[-3.282,8.262],[-4.72,7.873],[-5.148,6.859],[-4.72,5.858],[-3.282,5.47],[-1.417,5.47],[-1.417,-5.455],[-4.44,-5.455],[-4.44,-2.812],[-4.828,-1.376],[-5.844,-0.947],[-6.845,-1.376],[-7.232,-2.812],[-7.232,-8.262],[7.232,-8.248],[7.232,-2.812],[6.845,-1.376],[5.83,-0.947],[4.829,-1.376],[4.44,-2.812],[4.44,-5.455]],"c":true},"ix":2},"nm":"Path 1","mn":"ADBE Vector Shape - Group","hd":false},{"ty":"fl","c":{"a":0,"k":[0,0,0,1],"ix":4},"o":{"a":0,"k":100,"ix":5},"r":1,"bm":0,"nm":"Fill 1","mn":"ADBE Vector Graphic - Fill","hd":false},{"ty":"tr","p":{"a":0,"k":[44.101,26.191],"ix":2},"a":{"a":0,"k":[0,0],"ix":1},"s":{"a":0,"k":[100,100],"ix":3},"r":{"a":0,"k":0,"ix":6},"o":{"a":0,"k":100,"ix":7},"sk":{"a":0,"k":0,"ix":4},"sa":{"a":0,"k":0,"ix":5},"nm":"Transform"}],"nm":"Group 3","np":2,"cix":2,"bm":0,"ix":3,"mn":"ADBE Vector Group","hd":false},{"ty":"gr","it":[{"ind":0,"ty":"sh","ix":1,"ks":{"a":0,"k":{"i":[[0,0],[0,0],[0,0],[0,0],[-0.286,-0.259],[0,-0.417],[0.286,-0.259],[0.672,0],[0,0],[0.286,0.259],[0,0.418],[-0.446,0.281],[-0.709,-0.009],[0,0],[0.25,0.255],[0,0.381],[-0.287,0.259],[-0.672,0],[0,0],[-0.286,-0.254],[0,-0.418],[0.286,-0.258],[0.672,0],[0,0],[0,0],[0,0],[0,0],[0,0],[0.286,0.259],[0,0.418],[-0.286,0.259],[-0.671,0],[0,0],[-0.285,-0.254],[0,-0.418],[0.25,-0.254],[0.49,-0.046],[0,0],[-0.209,-0.137],[0,-0.517],[0.286,-0.259],[0.672,0],[0,0],[0.286,0.259],[0,0.418],[-0.29,0.258],[-0.663,0],[0,0]],"o":[[0,0],[0,0],[0,0],[0.672,0],[0.286,0.258],[0,0.409],[-0.286,0.259],[0,0],[-0.673,0],[-0.286,-0.259],[0,-0.508],[0.217,-0.146],[0,0],[-0.49,-0.046],[-0.25,-0.254],[0,-0.418],[0.286,-0.259],[0,0],[0.672,0],[0.286,0.254],[0,0.418],[-0.286,0.259],[0,0],[0,0],[0,0],[0,0],[0,0],[-0.671,0],[-0.286,-0.258],[0,-0.418],[0.286,-0.259],[0,0],[0.672,0],[0.286,0.254],[0,0.381],[-0.25,0.255],[0,0],[0.717,0],[0.445,0.281],[0,0.409],[-0.286,0.259],[0,0],[-0.671,0],[-0.286,-0.259],[0,-0.409],[0.291,-0.259],[0,0],[0,0]],"v":[[2.982,1.423],[-2.984,1.423],[-2.984,5.469],[-2.548,5.469],[-1.111,5.857],[-0.682,6.872],[-1.111,7.872],[-2.548,8.262],[-5.966,8.262],[-7.404,7.872],[-7.832,6.859],[-7.165,5.673],[-5.776,5.469],[-5.776,-5.454],[-6.886,-5.904],[-7.261,-6.857],[-6.831,-7.872],[-5.395,-8.262],[-2.548,-8.247],[-1.111,-7.865],[-0.682,-6.857],[-1.111,-5.844],[-2.548,-5.454],[-2.984,-5.454],[-2.984,-1.368],[2.982,-1.368],[2.982,-5.454],[2.546,-5.454],[1.109,-5.844],[0.68,-6.857],[1.109,-7.872],[2.546,-8.262],[5.393,-8.247],[6.83,-7.865],[7.259,-6.857],[6.884,-5.904],[5.775,-5.454],[5.775,5.469],[7.164,5.673],[7.832,6.872],[7.402,7.872],[5.965,8.262],[2.546,8.262],[1.109,7.872],[0.68,6.859],[1.116,5.857],[2.546,5.469],[2.982,5.469]],"c":true},"ix":2},"nm":"Path 1","mn":"ADBE Vector Shape - Group","hd":false},{"ty":"fl","c":{"a":0,"k":[0,0,0,1],"ix":4},"o":{"a":0,"k":100,"ix":5},"r":1,"bm":0,"nm":"Fill 1","mn":"ADBE Vector Graphic - Fill","hd":false},{"ty":"tr","p":{"a":0,"k":[27.456,26.191],"ix":2},"a":{"a":0,"k":[0,0],"ix":1},"s":{"a":0,"k":[100,100],"ix":3},"r":{"a":0,"k":0,"ix":6},"o":{"a":0,"k":100,"ix":7},"sk":{"a":0,"k":0,"ix":4},"sa":{"a":0,"k":0,"ix":5},"nm":"Transform"}],"nm":"Group 4","np":2,"cix":2,"bm":0,"ix":4,"mn":"ADBE Vector Group","hd":false},{"ty":"gr","it":[{"ind":0,"ty":"sh","ix":1,"ks":{"a":0,"k":{"i":[[0.627,0],[0,0],[0,-0.407],[0,0],[0,0],[-0.627,0],[0,0],[0,0.407],[0,0],[0,0]],"o":[[0,0],[-0.627,0],[0,0],[0,0],[0,0.407],[0,0],[0.627,0],[0,0],[0,0],[0,-0.407]],"v":[[49.992,-24],[-49.992,-24],[-51.127,-23.264],[-51.127,-19.309],[-51.127,23.264],[-49.992,24],[49.992,24],[51.127,23.264],[51.127,-19.309],[51.127,-23.264]],"c":true},"ix":2},"nm":"Path 1","mn":"ADBE Vector Shape - Group","hd":false},{"ind":1,"ty":"sh","ix":2,"ks":{"a":0,"k":{"i":[[0,0],[-0.06,-0.046],[0,0],[0,0],[0.242,0],[0,0],[0.059,0.046],[0,0],[0,0],[-0.243,0]],"o":[[0.242,0],[0,0],[0,0],[-0.06,0.046],[0,0],[-0.243,0],[0,0],[0,0],[0.059,-0.046],[0,0]],"v":[[49.992,-23.322],[50.45,-23.2],[50.45,-19.309],[50.45,23.2],[49.992,23.322],[-49.992,23.322],[-50.45,23.2],[-50.45,-19.309],[-50.45,-23.2],[-49.992,-23.322]],"c":true},"ix":2},"nm":"Path 2","mn":"ADBE Vector Shape - Group","hd":false},{"ty":"mm","mm":1,"nm":"Merge Paths 1","mn":"ADBE Vector Filter - Merge","hd":false},{"ty":"fl","c":{"a":0,"k":[0.141000007181,0.19199999641,0.368999974868,1],"ix":4},"o":{"a":0,"k":100,"ix":5},"r":1,"bm":0,"nm":"Fill 1","mn":"ADBE Vector Graphic - Fill","hd":false},{"ty":"tr","p":{"a":0,"k":[51.377,24.25],"ix":2},"a":{"a":0,"k":[0,0],"ix":1},"s":{"a":0,"k":[100,100],"ix":3},"r":{"a":0,"k":0,"ix":6},"o":{"a":0,"k":100,"ix":7},"sk":{"a":0,"k":0,"ix":4},"sa":{"a":0,"k":0,"ix":5},"nm":"Transform"}],"nm":"Group 5","np":4,"cix":2,"bm":0,"ix":5,"mn":"ADBE Vector Group","hd":false},{"ty":"gr","it":[{"ind":0,"ty":"sh","ix":1,"ks":{"a":0,"k":{"i":[[0,-0.558],[0.558,0],[0,0.557],[-0.556,0]],"o":[[0,0.557],[-0.556,0],[0,-0.558],[0.558,0]],"v":[[1.01,0.001],[-0.001,1.01],[-1.01,0.001],[-0.001,-1.01]],"c":true},"ix":2},"nm":"Path 1","mn":"ADBE Vector Shape - Group","hd":false},{"ty":"fl","c":{"a":0,"k":[0.54900004069,0.776000019148,0.246999987434,1],"ix":4},"o":{"a":0,"k":100,"ix":5},"r":1,"bm":0,"nm":"Fill 1","mn":"ADBE Vector Graphic - Fill","hd":false},{"ty":"tr","p":{"a":0,"k":[10.677,3.95],"ix":2},"a":{"a":0,"k":[0,0],"ix":1},"s":{"a":0,"k":[100,100],"ix":3},"r":{"a":0,"k":0,"ix":6},"o":{"a":0,"k":100,"ix":7},"sk":{"a":0,"k":0,"ix":4},"sa":{"a":0,"k":0,"ix":5},"nm":"Transform"}],"nm":"Group 6","np":2,"cix":2,"bm":0,"ix":6,"mn":"ADBE Vector Group","hd":false},{"ty":"gr","it":[{"ind":0,"ty":"sh","ix":1,"ks":{"a":0,"k":{"i":[[0,-0.558],[0.558,0],[0,0.557],[-0.557,0]],"o":[[0,0.557],[-0.557,0],[0,-0.558],[0.558,0]],"v":[[1.009,0.001],[0,1.01],[-1.009,0.001],[0,-1.01]],"c":true},"ix":2},"nm":"Path 1","mn":"ADBE Vector Shape - Group","hd":false},{"ty":"fl","c":{"a":0,"k":[0.984000052658,0.689999988032,0.231000010173,1],"ix":4},"o":{"a":0,"k":100,"ix":5},"r":1,"bm":0,"nm":"Fill 1","mn":"ADBE Vector Graphic - Fill","hd":false},{"ty":"tr","p":{"a":0,"k":[7.313,3.95],"ix":2},"a":{"a":0,"k":[0,0],"ix":1},"s":{"a":0,"k":[100,100],"ix":3},"r":{"a":0,"k":0,"ix":6},"o":{"a":0,"k":100,"ix":7},"sk":{"a":0,"k":0,"ix":4},"sa":{"a":0,"k":0,"ix":5},"nm":"Transform"}],"nm":"Group 7","np":2,"cix":2,"bm":0,"ix":7,"mn":"ADBE Vector Group","hd":false},{"ty":"gr","it":[{"ind":0,"ty":"sh","ix":1,"ks":{"a":0,"k":{"i":[[0,-0.558],[0.558,0],[0,0.557],[-0.556,0]],"o":[[0,0.557],[-0.556,0],[0,-0.558],[0.558,0]],"v":[[1.01,0.001],[-0.001,1.01],[-1.01,0.001],[-0.001,-1.01]],"c":true},"ix":2},"nm":"Path 1","mn":"ADBE Vector Shape - Group","hd":false},{"ty":"fl","c":{"a":0,"k":[1,0.113999998803,0.144999994016,1],"ix":4},"o":{"a":0,"k":100,"ix":5},"r":1,"bm":0,"nm":"Fill 1","mn":"ADBE Vector Graphic - Fill","hd":false},{"ty":"tr","p":{"a":0,"k":[3.949,3.95],"ix":2},"a":{"a":0,"k":[0,0],"ix":1},"s":{"a":0,"k":[100,100],"ix":3},"r":{"a":0,"k":0,"ix":6},"o":{"a":0,"k":100,"ix":7},"sk":{"a":0,"k":0,"ix":4},"sa":{"a":0,"k":0,"ix":5},"nm":"Transform"}],"nm":"Group 8","np":2,"cix":2,"bm":0,"ix":8,"mn":"ADBE Vector Group","hd":false},{"ty":"gr","it":[{"ind":0,"ty":"sh","ix":1,"ks":{"a":0,"k":{"i":[[0,0],[0,0],[0,0],[-0.627,0],[0,0],[0,-0.627]],"o":[[0,0],[0,0],[0,-0.627],[0,0],[0.627,0],[0,0]],"v":[[51.127,3.615],[-51.127,3.615],[-51.127,-2.482],[-49.992,-3.615],[49.992,-3.615],[51.127,-2.482]],"c":true},"ix":2},"nm":"Path 1","mn":"ADBE Vector Shape - Group","hd":false},{"ty":"fl","c":{"a":0,"k":[0.141000007181,0.19199999641,0.368999974868,1],"ix":4},"o":{"a":0,"k":100,"ix":5},"r":1,"bm":0,"nm":"Fill 1","mn":"ADBE Vector Graphic - Fill","hd":false},{"ty":"tr","p":{"a":0,"k":[51.377,3.866],"ix":2},"a":{"a":0,"k":[0,0],"ix":1},"s":{"a":0,"k":[100,100],"ix":3},"r":{"a":0,"k":0,"ix":6},"o":{"a":0,"k":100,"ix":7},"sk":{"a":0,"k":0,"ix":4},"sa":{"a":0,"k":0,"ix":5},"nm":"Transform"}],"nm":"Group 9","np":2,"cix":2,"bm":0,"ix":9,"mn":"ADBE Vector Group","hd":false},{"ty":"gr","it":[{"ind":0,"ty":"sh","ix":1,"ks":{"a":0,"k":{"i":[[0.49,0],[0,0],[0,0.49],[0,0],[0,0],[0,0]],"o":[[0,0],[-0.491,0],[0,0],[0,0],[0,0],[0,0.49]],"v":[[50.24,20.385],[-50.24,20.385],[-51.127,19.498],[-51.127,-20.385],[51.127,-20.385],[51.127,19.498]],"c":true},"ix":2},"nm":"Path 1","mn":"ADBE Vector Shape - Group","hd":false},{"ty":"fl","c":{"a":0,"k":[0.902000038297,0.902000038297,0.902000038297,1],"ix":4},"o":{"a":0,"k":100,"ix":5},"r":1,"bm":0,"nm":"Fill 1","mn":"ADBE Vector Graphic - Fill","hd":false},{"ty":"tr","p":{"a":0,"k":[51.377,27.866],"ix":2},"a":{"a":0,"k":[0,0],"ix":1},"s":{"a":0,"k":[100,100],"ix":3},"r":{"a":0,"k":0,"ix":6},"o":{"a":0,"k":100,"ix":7},"sk":{"a":0,"k":0,"ix":4},"sa":{"a":0,"k":0,"ix":5},"nm":"Transform"}],"nm":"Group 10","np":2,"cix":2,"bm":0,"ix":10,"mn":"ADBE Vector Group","hd":false}],"ip":0,"op":509,"st":0,"bm":0},{"ddd":0,"ind":5,"ty":4,"nm":"gears Outlines 2","sr":1,"ks":{"o":{"a":0,"k":100,"ix":11},"r":{"a":0,"k":0,"ix":10},"p":{"a":0,"k":[178.749,359.25,0],"ix":2},"a":{"a":0,"k":[50.753,42.75,0],"ix":1},"s":{"a":0,"k":[167,167,100],"ix":6}},"ao":0,"shapes":[{"ty":"gr","it":[{"ind":0,"ty":"sh","ix":1,"ks":{"a":0,"k":{"i":[[4.756,0],[0,4.757],[-4.756,0],[0,-4.757]],"o":[[-4.756,0],[0,-4.757],[4.756,0],[0,4.757]],"v":[[0,8.626],[-8.626,0],[0,-8.626],[8.626,0]],"c":true},"ix":2},"nm":"Path 1","mn":"ADBE Vector Shape - Group","hd":false},{"ind":1,"ty":"sh","ix":2,"ks":{"a":0,"k":{"i":[[0.576,0],[0,0],[0.711,1.233],[0,0],[0,0.277],[0.197,0.196],[0,0],[0.408,-0.407],[0,0],[1.372,0.37],[0,0],[0.576,0],[0,0],[0,-0.576],[0,0],[1.234,-0.71],[0,0],[0.408,-0.407],[0,0],[0,-0.277],[-0.196,-0.197],[0,0],[0.369,-1.373],[0,0],[0,-0.577],[0,0],[-0.196,-0.195],[-0.277,0],[0,0],[-0.71,-1.233],[0,0],[-0.408,-0.408],[0,0],[-0.277,0],[-0.196,0.196],[0,0],[-1.372,-0.369],[0,0],[-0.576,0],[0,0],[0,0.576],[0,0],[-1.234,0.71],[0,0],[-0.278,0],[-0.195,0.197],[0,0],[0.407,0.407],[0,0],[-0.369,1.373],[0,0],[0,0.577],[0,0]],"o":[[0,0],[-0.37,-1.372],[0,0],[0.196,-0.197],[0,-0.277],[0,0],[-0.407,-0.407],[0,0],[-1.234,-0.71],[0,0],[0,-0.576],[0,0],[-0.576,0],[0,0],[-1.372,0.369],[0,0],[-0.407,-0.407],[0,0],[-0.196,0.195],[0,0.277],[0,0],[-0.71,1.233],[0,0],[-0.577,0],[0,0],[-0.001,0.276],[0.196,0.196],[0,0],[0.369,1.373],[0,0],[-0.407,0.407],[0,0],[0.195,0.197],[0.277,0],[0,0],[1.234,0.71],[0,0],[0,0.576],[0,0],[0.576,0],[0,0],[1.372,-0.369],[0,0],[0.196,0.196],[0.277,0],[0,0],[0.407,-0.408],[0,0],[0.711,-1.233],[0,0],[0.576,0],[0,0],[0,-0.577]],"v":[[17.958,-4.317],[15.941,-4.317],[14.317,-8.235],[15.737,-9.654],[16.043,-10.393],[15.736,-11.132],[11.119,-15.745],[9.643,-15.745],[8.226,-14.327],[4.308,-15.951],[4.308,-17.956],[3.264,-19],[-3.264,-19],[-4.308,-17.956],[-4.308,-15.95],[-8.226,-14.327],[-9.644,-15.745],[-11.12,-15.745],[-15.737,-11.131],[-16.043,-10.393],[-15.737,-9.654],[-14.318,-8.235],[-15.941,-4.317],[-17.954,-4.317],[-18.998,-3.273],[-19.001,3.254],[-18.696,3.992],[-17.958,4.298],[-15.941,4.298],[-14.318,8.216],[-15.745,9.644],[-15.745,11.12],[-11.131,15.736],[-10.393,16.043],[-9.654,15.737],[-8.226,14.309],[-4.308,15.932],[-4.308,17.956],[-3.264,19],[3.264,19],[4.308,17.956],[4.308,15.932],[8.226,14.309],[9.654,15.737],[10.393,16.043],[11.131,15.736],[15.745,11.12],[15.745,9.644],[14.317,8.216],[15.941,4.298],[17.958,4.298],[19.002,3.254],[19.002,-3.273]],"c":true},"ix":2},"nm":"Path 2","mn":"ADBE Vector Shape - Group","hd":false},{"ty":"mm","mm":1,"nm":"Merge Paths 1","mn":"ADBE Vector Filter - Merge","hd":false},{"ty":"fl","c":{"a":0,"k":[0.964999988032,0.426999978458,0.426999978458,1],"ix":4},"o":{"a":0,"k":100,"ix":5},"r":1,"bm":0,"nm":"Fill 1","mn":"ADBE Vector Graphic - Fill","hd":false},{"ty":"tr","p":{"a":0,"k":[82.254,19.25],"ix":2},"a":{"a":0,"k":[0,0],"ix":1},"s":{"a":0,"k":[100,100],"ix":3},"r":{"a":1,"k":[{"i":{"x":[0.833],"y":[0.833]},"o":{"x":[0.167],"y":[0.167]},"t":0,"s":[0]},{"t":339,"s":[720]}],"ix":6},"o":{"a":0,"k":100,"ix":7},"sk":{"a":0,"k":0,"ix":4},"sa":{"a":0,"k":0,"ix":5},"nm":"Transform"}],"nm":"Group 1","np":4,"cix":2,"bm":0,"ix":1,"mn":"ADBE Vector Group","hd":false}],"ip":0,"op":509,"st":0,"bm":0},{"ddd":0,"ind":6,"ty":4,"nm":"gears Outlines","sr":1,"ks":{"o":{"a":0,"k":100,"ix":11},"r":{"a":0,"k":0,"ix":10},"p":{"a":0,"k":[249.499,324.5,0],"ix":2},"a":{"a":0,"k":[50.753,42.75,0],"ix":1},"s":{"a":0,"k":[100,100,100],"ix":6}},"ao":0,"shapes":[{"ty":"gr","it":[{"ind":0,"ty":"sh","ix":1,"ks":{"a":0,"k":{"i":[[4.756,0],[0,4.757],[-4.756,0],[0,-4.757]],"o":[[-4.756,0],[0,-4.757],[4.756,0],[0,4.757]],"v":[[0,8.626],[-8.626,0],[0,-8.626],[8.626,0]],"c":true},"ix":2},"nm":"Path 1","mn":"ADBE Vector Shape - Group","hd":false},{"ind":1,"ty":"sh","ix":2,"ks":{"a":0,"k":{"i":[[0.576,0],[0,0],[0.711,1.233],[0,0],[0,0.277],[0.197,0.196],[0,0],[0.408,-0.407],[0,0],[1.372,0.37],[0,0],[0.576,0],[0,0],[0,-0.576],[0,0],[1.234,-0.71],[0,0],[0.408,-0.407],[0,0],[0,-0.277],[-0.196,-0.197],[0,0],[0.369,-1.373],[0,0],[0,-0.577],[0,0],[-0.196,-0.195],[-0.277,0],[0,0],[-0.71,-1.233],[0,0],[-0.408,-0.408],[0,0],[-0.277,0],[-0.196,0.196],[0,0],[-1.372,-0.369],[0,0],[-0.576,0],[0,0],[0,0.576],[0,0],[-1.234,0.71],[0,0],[-0.278,0],[-0.195,0.197],[0,0],[0.407,0.407],[0,0],[-0.369,1.373],[0,0],[0,0.577],[0,0]],"o":[[0,0],[-0.37,-1.372],[0,0],[0.196,-0.197],[0,-0.277],[0,0],[-0.407,-0.407],[0,0],[-1.234,-0.71],[0,0],[0,-0.576],[0,0],[-0.576,0],[0,0],[-1.372,0.369],[0,0],[-0.407,-0.407],[0,0],[-0.196,0.195],[0,0.277],[0,0],[-0.71,1.233],[0,0],[-0.577,0],[0,0],[-0.001,0.276],[0.196,0.196],[0,0],[0.369,1.373],[0,0],[-0.407,0.407],[0,0],[0.195,0.197],[0.277,0],[0,0],[1.234,0.71],[0,0],[0,0.576],[0,0],[0.576,0],[0,0],[1.372,-0.369],[0,0],[0.196,0.196],[0.277,0],[0,0],[0.407,-0.408],[0,0],[0.711,-1.233],[0,0],[0.576,0],[0,0],[0,-0.577]],"v":[[17.958,-4.317],[15.941,-4.317],[14.317,-8.235],[15.737,-9.654],[16.043,-10.393],[15.736,-11.132],[11.119,-15.745],[9.643,-15.745],[8.226,-14.327],[4.308,-15.951],[4.308,-17.956],[3.264,-19],[-3.264,-19],[-4.308,-17.956],[-4.308,-15.95],[-8.226,-14.327],[-9.644,-15.745],[-11.12,-15.745],[-15.737,-11.131],[-16.043,-10.393],[-15.737,-9.654],[-14.318,-8.235],[-15.941,-4.317],[-17.954,-4.317],[-18.998,-3.273],[-19.001,3.254],[-18.696,3.992],[-17.958,4.298],[-15.941,4.298],[-14.318,8.216],[-15.745,9.644],[-15.745,11.12],[-11.131,15.736],[-10.393,16.043],[-9.654,15.737],[-8.226,14.309],[-4.308,15.932],[-4.308,17.956],[-3.264,19],[3.264,19],[4.308,17.956],[4.308,15.932],[8.226,14.309],[9.654,15.737],[10.393,16.043],[11.131,15.736],[15.745,11.12],[15.745,9.644],[14.317,8.216],[15.941,4.298],[17.958,4.298],[19.002,3.254],[19.002,-3.273]],"c":true},"ix":2},"nm":"Path 2","mn":"ADBE Vector Shape - Group","hd":false},{"ty":"mm","mm":1,"nm":"Merge Paths 1","mn":"ADBE Vector Filter - Merge","hd":false},{"ty":"fl","c":{"a":0,"k":[0.964999988032,0.426999978458,0.426999978458,1],"ix":4},"o":{"a":0,"k":100,"ix":5},"r":1,"bm":0,"nm":"Fill 1","mn":"ADBE Vector Graphic - Fill","hd":false},{"ty":"tr","p":{"a":0,"k":[82.254,19.25],"ix":2},"a":{"a":0,"k":[0,0],"ix":1},"s":{"a":0,"k":[100,100],"ix":3},"r":{"a":1,"k":[{"i":{"x":[0.833],"y":[0.833]},"o":{"x":[0.167],"y":[0.167]},"t":0,"s":[0]},{"t":339,"s":[-360]}],"ix":6},"o":{"a":0,"k":100,"ix":7},"sk":{"a":0,"k":0,"ix":4},"sa":{"a":0,"k":0,"ix":5},"nm":"Transform"}],"nm":"Group 1","np":4,"cix":2,"bm":0,"ix":1,"mn":"ADBE Vector Group","hd":false}],"ip":0,"op":509,"st":0,"bm":0},{"ddd":0,"ind":7,"ty":4,"nm":"computer Outlines","sr":1,"ks":{"o":{"a":0,"k":100,"ix":11},"r":{"a":0,"k":0,"ix":10},"p":{"a":0,"k":[195.186,287.5,0],"ix":2},"a":{"a":0,"k":[106.437,90.75,0],"ix":1},"s":{"a":0,"k":[100,100,100],"ix":6}},"ao":0,"shapes":[{"ty":"gr","it":[{"ind":0,"ty":"sh","ix":1,"ks":{"a":0,"k":{"i":[[0.568,0],[0,0],[0,0.567],[0,0],[-0.568,0],[0,0],[0,-0.569],[0,0]],"o":[[0,0],[-0.568,0],[0,0],[0,-0.569],[0,0],[0.568,0],[0,0],[0,0.567]],"v":[[32.275,2.655],[-32.276,2.655],[-33.304,1.627],[-33.304,-1.625],[-32.276,-2.655],[32.275,-2.655],[33.304,-1.625],[33.304,1.627]],"c":true},"ix":2},"nm":"Path 1","mn":"ADBE Vector Shape - Group","hd":false},{"ty":"fl","c":{"a":0,"k":[0.964999988032,0.426999978458,0.426999978458,1],"ix":4},"o":{"a":0,"k":100,"ix":5},"r":1,"bm":0,"nm":"Fill 1","mn":"ADBE Vector Graphic - Fill","hd":false},{"ty":"tr","p":{"a":0,"k":[106.437,178.595],"ix":2},"a":{"a":0,"k":[0,0],"ix":1},"s":{"a":0,"k":[100,100],"ix":3},"r":{"a":0,"k":0,"ix":6},"o":{"a":0,"k":100,"ix":7},"sk":{"a":0,"k":0,"ix":4},"sa":{"a":0,"k":0,"ix":5},"nm":"Transform"}],"nm":"Group 1","np":2,"cix":2,"bm":0,"ix":1,"mn":"ADBE Vector Group","hd":false},{"ty":"gr","it":[{"ind":0,"ty":"sh","ix":1,"ks":{"a":0,"k":{"i":[[0,0],[0,0],[0,0],[0,0]],"o":[[0,0],[0,0],[0,0],[0,0]],"v":[[16.894,8.688],[-16.894,8.688],[-16.894,-8.688],[16.894,-8.688]],"c":true},"ix":2},"nm":"Path 1","mn":"ADBE Vector Shape - Group","hd":false},{"ty":"fl","c":{"a":0,"k":[0.964999988032,0.426999978458,0.426999978458,1],"ix":4},"o":{"a":0,"k":100,"ix":5},"r":1,"bm":0,"nm":"Fill 1","mn":"ADBE Vector Graphic - Fill","hd":false},{"ty":"tr","p":{"a":0,"k":[106.437,167.252],"ix":2},"a":{"a":0,"k":[0,0],"ix":1},"s":{"a":0,"k":[100,100],"ix":3},"r":{"a":0,"k":0,"ix":6},"o":{"a":0,"k":100,"ix":7},"sk":{"a":0,"k":0,"ix":4},"sa":{"a":0,"k":0,"ix":5},"nm":"Transform"}],"nm":"Group 2","np":2,"cix":2,"bm":0,"ix":2,"mn":"ADBE Vector Group","hd":false},{"ty":"gr","it":[{"ind":0,"ty":"sh","ix":1,"ks":{"a":0,"k":{"i":[[0,-3.065],[3.066,0],[0,3.065],[-3.065,0]],"o":[[0,3.065],[-3.065,0],[0,-3.065],[3.066,0]],"v":[[5.551,0],[-0.001,5.551],[-5.551,0],[-0.001,-5.551]],"c":true},"ix":2},"nm":"Path 1","mn":"ADBE Vector Shape - Group","hd":false},{"ty":"fl","c":{"a":0,"k":[1,1,1,1],"ix":4},"o":{"a":0,"k":100,"ix":5},"r":1,"bm":0,"nm":"Fill 1","mn":"ADBE Vector Graphic - Fill","hd":false},{"ty":"tr","p":{"a":0,"k":[106.437,148.911],"ix":2},"a":{"a":0,"k":[0,0],"ix":1},"s":{"a":0,"k":[100,100],"ix":3},"r":{"a":0,"k":0,"ix":6},"o":{"a":0,"k":100,"ix":7},"sk":{"a":0,"k":0,"ix":4},"sa":{"a":0,"k":0,"ix":5},"nm":"Transform"}],"nm":"Group 3","np":2,"cix":2,"bm":0,"ix":3,"mn":"ADBE Vector Group","hd":false},{"ty":"gr","it":[{"ind":0,"ty":"sh","ix":1,"ks":{"a":0,"k":{"i":[[1.024,0],[0,0],[0,1.024],[0,0],[-1.025,0],[0,0],[0,-1.025],[0,0]],"o":[[0,0],[-1.025,0],[0,0],[0,-1.025],[0,0],[1.024,0],[0,0],[0,1.024]],"v":[[95.161,61.54],[-95.161,61.54],[-97.016,59.686],[-97.016,-59.685],[-95.161,-61.54],[95.161,-61.54],[97.016,-59.685],[97.016,59.686]],"c":true},"ix":2},"nm":"Path 1","mn":"ADBE Vector Shape - Group","hd":false},{"ty":"fl","c":{"a":0,"k":[1,1,1,1],"ix":4},"o":{"a":0,"k":100,"ix":5},"r":1,"bm":0,"nm":"Fill 1","mn":"ADBE Vector Graphic - Fill","hd":false},{"ty":"tr","p":{"a":0,"k":[106.437,73.857],"ix":2},"a":{"a":0,"k":[0,0],"ix":1},"s":{"a":0,"k":[100,100],"ix":3},"r":{"a":0,"k":0,"ix":6},"o":{"a":0,"k":100,"ix":7},"sk":{"a":0,"k":0,"ix":4},"sa":{"a":0,"k":0,"ix":5},"nm":"Transform"}],"nm":"Group 4","np":2,"cix":2,"bm":0,"ix":4,"mn":"ADBE Vector Group","hd":false},{"ty":"gr","it":[{"ind":0,"ty":"sh","ix":1,"ks":{"a":0,"k":{"i":[[0,1.041],[0,0],[-1.041,0],[0,0],[0,-1.041],[0,0],[1.041,0],[0,0]],"o":[[0,0],[0,-1.041],[0,0],[1.041,0],[0,0],[0,1.041],[0,0],[-1.041,0]],"v":[[-106.186,77.393],[-106.186,-77.393],[-104.301,-79.278],[104.302,-79.278],[106.186,-77.393],[106.186,77.393],[104.302,79.278],[-104.301,79.278]],"c":true},"ix":2},"nm":"Path 1","mn":"ADBE Vector Shape - Group","hd":false},{"ty":"fl","c":{"a":0,"k":[0.964999988032,0.426999978458,0.426999978458,1],"ix":4},"o":{"a":0,"k":100,"ix":5},"r":1,"bm":0,"nm":"Fill 1","mn":"ADBE Vector Graphic - Fill","hd":false},{"ty":"tr","p":{"a":0,"k":[106.436,79.528],"ix":2},"a":{"a":0,"k":[0,0],"ix":1},"s":{"a":0,"k":[100,100],"ix":3},"r":{"a":0,"k":0,"ix":6},"o":{"a":0,"k":100,"ix":7},"sk":{"a":0,"k":0,"ix":4},"sa":{"a":0,"k":0,"ix":5},"nm":"Transform"}],"nm":"Group 5","np":2,"cix":2,"bm":0,"ix":5,"mn":"ADBE Vector Group","hd":false}],"ip":0,"op":509,"st":0,"bm":0},{"ddd":0,"ind":8,"ty":4,"nm":"crane Outlines 2","sr":1,"ks":{"o":{"a":0,"k":100,"ix":11},"r":{"a":0,"k":0,"ix":10},"p":{"a":1,"k":[{"i":{"x":0.833,"y":0.833},"o":{"x":0.167,"y":0.167},"t":0,"s":[371,158,0],"to":[0,0,0],"ti":[0,0,0]},{"i":{"x":0.833,"y":0.833},"o":{"x":0.167,"y":0.167},"t":14,"s":[371,158,0],"to":[0,0,0],"ti":[0,0,0]},{"i":{"x":0.833,"y":0.833},"o":{"x":0.167,"y":0.167},"t":50,"s":[185,158,0],"to":[0,0,0],"ti":[0,0,0]},{"i":{"x":0.833,"y":0.833},"o":{"x":0.167,"y":0.167},"t":88,"s":[185,158,0],"to":[0,0,0],"ti":[0,0,0]},{"i":{"x":0.833,"y":0.833},"o":{"x":0.167,"y":0.167},"t":113,"s":[371,158,0],"to":[0,0,0],"ti":[0,0,0]},{"i":{"x":0.833,"y":0.833},"o":{"x":0.167,"y":0.167},"t":127,"s":[371,158,0],"to":[0,0,0],"ti":[0,0,0]},{"i":{"x":0.833,"y":0.833},"o":{"x":0.167,"y":0.167},"t":163,"s":[185,158,0],"to":[0,0,0],"ti":[0,0,0]},{"i":{"x":0.833,"y":0.833},"o":{"x":0.167,"y":0.167},"t":201,"s":[185,158,0],"to":[0,0,0],"ti":[0,0,0]},{"i":{"x":0.833,"y":0.833},"o":{"x":0.167,"y":0.167},"t":226,"s":[371,158,0],"to":[0,0,0],"ti":[0,0,0]},{"i":{"x":0.833,"y":0.833},"o":{"x":0.167,"y":0.167},"t":240,"s":[371,158,0],"to":[0,0,0],"ti":[0,0,0]},{"i":{"x":0.833,"y":0.833},"o":{"x":0.167,"y":0.167},"t":276,"s":[185,158,0],"to":[0,0,0],"ti":[0,0,0]},{"i":{"x":0.833,"y":0.833},"o":{"x":0.167,"y":0.167},"t":314,"s":[185,158,0],"to":[0,0,0],"ti":[0,0,0]},{"t":339,"s":[371,158,0]}],"ix":2},"a":{"a":0,"k":[121,49,0],"ix":1},"s":{"a":0,"k":[100,100,100],"ix":6}},"ao":0,"shapes":[{"ty":"gr","it":[{"ind":0,"ty":"sh","ix":1,"ks":{"a":0,"k":{"i":[[0,0],[0,0],[0,0],[0,0],[0,0],[0,0],[0,0],[0,0],[0,0],[0,0],[0,0],[0,0]],"o":[[0,0],[0,0],[0,0],[0,0],[0,0],[0,0],[0,0],[0,0],[0,0],[0,0],[0,0],[0,0]],"v":[[71.5,-14.5],[57.5,14.5],[43.5,-14.5],[29.5,14.5],[15.5,-14.5],[1.5,14.5],[-12.5,-14.5],[-29.5,14.5],[-43.5,-14.5],[-57.5,14.5],[-71.5,-14.5],[-71.5,14.5]],"c":false},"ix":2},"nm":"Path 1","mn":"ADBE Vector Shape - Group","hd":false},{"ty":"st","c":{"a":0,"k":[0.917999985639,0.741000007181,0,1],"ix":3},"o":{"a":0,"k":100,"ix":4},"w":{"a":0,"k":4,"ix":5},"lc":2,"lj":3,"bm":0,"nm":"Stroke 1","mn":"ADBE Vector Graphic - Stroke","hd":false},{"ty":"tr","p":{"a":0,"k":[82.5,24.5],"ix":2},"a":{"a":0,"k":[0,0],"ix":1},"s":{"a":0,"k":[100,100],"ix":3},"r":{"a":0,"k":0,"ix":6},"o":{"a":0,"k":100,"ix":7},"sk":{"a":0,"k":0,"ix":4},"sa":{"a":0,"k":0,"ix":5},"nm":"Transform"}],"nm":"Group 1","np":2,"cix":2,"bm":0,"ix":1,"mn":"ADBE Vector Group","hd":false},{"ty":"gr","it":[{"ind":0,"ty":"sh","ix":1,"ks":{"a":0,"k":{"i":[[0,0],[0,0],[0,0]],"o":[[0,0],[0,0],[0,0]],"v":[[-94,-14.5],[94,-14.5],[94,14.5]],"c":false},"ix":2},"nm":"Path 1","mn":"ADBE Vector Shape - Group","hd":false},{"ty":"st","c":{"a":0,"k":[0.917999985639,0.741000007181,0,1],"ix":3},"o":{"a":0,"k":100,"ix":4},"w":{"a":0,"k":4,"ix":5},"lc":1,"lj":1,"ml":10,"bm":0,"nm":"Stroke 1","mn":"ADBE Vector Graphic - Stroke","hd":false},{"ty":"tr","p":{"a":0,"k":[104,24.5],"ix":2},"a":{"a":0,"k":[0,0],"ix":1},"s":{"a":0,"k":[100,100],"ix":3},"r":{"a":0,"k":0,"ix":6},"o":{"a":0,"k":100,"ix":7},"sk":{"a":0,"k":0,"ix":4},"sa":{"a":0,"k":0,"ix":5},"nm":"Transform"}],"nm":"Group 2","np":2,"cix":2,"bm":0,"ix":2,"mn":"ADBE Vector Group","hd":false},{"ty":"gr","it":[{"ind":0,"ty":"sh","ix":1,"ks":{"a":0,"k":{"i":[[0,0],[0,0],[0,0],[0,0],[0,0]],"o":[[0,0],[0,0],[0,0],[0,0],[0,0]],"v":[[-92.5,14.5],[92.5,14.5],[78.5,-14.5],[64.5,13.5],[49.5,-14.5]],"c":false},"ix":2},"nm":"Path 1","mn":"ADBE Vector Shape - Group","hd":false},{"ty":"st","c":{"a":0,"k":[0.917999985639,0.741000007181,0,1],"ix":3},"o":{"a":0,"k":100,"ix":4},"w":{"a":0,"k":4,"ix":5},"lc":2,"lj":3,"bm":0,"nm":"Stroke 1","mn":"ADBE Vector Graphic - Stroke","hd":false},{"ty":"tr","p":{"a":0,"k":[105.5,24.5],"ix":2},"a":{"a":0,"k":[0,0],"ix":1},"s":{"a":0,"k":[100,100],"ix":3},"r":{"a":0,"k":0,"ix":6},"o":{"a":0,"k":100,"ix":7},"sk":{"a":0,"k":0,"ix":4},"sa":{"a":0,"k":0,"ix":5},"nm":"Transform"}],"nm":"Group 3","np":2,"cix":2,"bm":0,"ix":3,"mn":"ADBE Vector Group","hd":false}],"ip":0,"op":509,"st":0,"bm":0},{"ddd":0,"ind":9,"ty":4,"nm":"crane Outlines","sr":1,"ks":{"o":{"a":0,"k":100,"ix":11},"r":{"a":0,"k":0,"ix":10},"p":{"a":0,"k":[174,158,0],"ix":2},"a":{"a":0,"k":[121,49,0],"ix":1},"s":{"a":0,"k":[100,100,100],"ix":6}},"ao":0,"shapes":[{"ty":"gr","it":[{"ind":0,"ty":"sh","ix":1,"ks":{"a":0,"k":{"i":[[0,0],[0,0]],"o":[[0,0],[0,0]],"v":[[232,45],[232,88]],"c":false},"ix":2},"nm":"Path 1","mn":"ADBE Vector Shape - Group","hd":false},{"ty":"st","c":{"a":0,"k":[0.917999985639,0.741000007181,0,1],"ix":3},"o":{"a":0,"k":100,"ix":4},"w":{"a":0,"k":4,"ix":5},"lc":1,"lj":1,"ml":10,"bm":0,"nm":"Stroke 1","mn":"ADBE Vector Graphic - Stroke","hd":false},{"ty":"tr","p":{"a":0,"k":[0,0],"ix":2},"a":{"a":0,"k":[0,0],"ix":1},"s":{"a":0,"k":[100,100],"ix":3},"r":{"a":0,"k":0,"ix":6},"o":{"a":0,"k":100,"ix":7},"sk":{"a":0,"k":0,"ix":4},"sa":{"a":0,"k":0,"ix":5},"nm":"Transform"}],"nm":"Group 4","np":2,"cix":2,"bm":0,"ix":1,"mn":"ADBE Vector Group","hd":false},{"ty":"gr","it":[{"ind":0,"ty":"sh","ix":1,"ks":{"a":0,"k":{"i":[[0,0],[0,0],[0,0],[0,0],[0,0]],"o":[[0,0],[0,0],[0,0],[0,0],[0,0]],"v":[[-14.5,-21.5],[-14.5,21.5],[14.5,7.5],[-13.5,-6.5],[14.5,-21.5]],"c":false},"ix":2},"nm":"Path 1","mn":"ADBE Vector Shape - Group","hd":false},{"ty":"st","c":{"a":0,"k":[0.917999985639,0.741000007181,0,1],"ix":3},"o":{"a":0,"k":100,"ix":4},"w":{"a":0,"k":4,"ix":5},"lc":2,"lj":3,"bm":0,"nm":"Stroke 1","mn":"ADBE Vector Graphic - Stroke","hd":false},{"ty":"tr","p":{"a":0,"k":[217.5,66.5],"ix":2},"a":{"a":0,"k":[0,0],"ix":1},"s":{"a":0,"k":[100,100],"ix":3},"r":{"a":0,"k":0,"ix":6},"o":{"a":0,"k":100,"ix":7},"sk":{"a":0,"k":0,"ix":4},"sa":{"a":0,"k":0,"ix":5},"nm":"Transform"}],"nm":"Group 5","np":2,"cix":2,"bm":0,"ix":2,"mn":"ADBE Vector Group","hd":false},{"ty":"gr","it":[{"ind":0,"ty":"sh","ix":1,"ks":{"a":0,"k":{"i":[[0,0],[0,0],[0,0],[0,0]],"o":[[0,0],[0,0],[0,0],[0,0]],"v":[[20.5,20.5],[-20.5,20.5],[-20.5,-20.5],[20.5,-20.5]],"c":true},"ix":2},"nm":"Path 1","mn":"ADBE Vector Shape - Group","hd":false},{"ty":"fl","c":{"a":0,"k":[0.917999985639,0.741000007181,0,1],"ix":4},"o":{"a":0,"k":100,"ix":5},"r":1,"bm":0,"nm":"Fill 1","mn":"ADBE Vector Graphic - Fill","hd":false},{"ty":"tr","p":{"a":0,"k":[217.5,24.5],"ix":2},"a":{"a":0,"k":[0,0],"ix":1},"s":{"a":0,"k":[100,100],"ix":3},"r":{"a":0,"k":0,"ix":6},"o":{"a":0,"k":100,"ix":7},"sk":{"a":0,"k":0,"ix":4},"sa":{"a":0,"k":0,"ix":5},"nm":"Transform"}],"nm":"Group 6","np":2,"cix":2,"bm":0,"ix":3,"mn":"ADBE Vector Group","hd":false}],"ip":0,"op":509,"st":0,"bm":0},{"ddd":0,"ind":10,"ty":4,"nm":"Layer 9 Outlines 2","sr":1,"ks":{"o":{"a":1,"k":[{"i":{"x":[0.833],"y":[0.833]},"o":{"x":[0.167],"y":[0.167]},"t":63,"s":[0]},{"t":88,"s":[100]}],"ix":11},"r":{"a":0,"k":0,"ix":10},"p":{"a":1,"k":[{"i":{"x":0.833,"y":0.833},"o":{"x":0.167,"y":0.167},"t":63,"s":[395.128,388.5,0],"to":[0.062,-9.417,0],"ti":[-0.062,9.417,0]},{"i":{"x":0.833,"y":0.833},"o":{"x":0.167,"y":0.167},"t":88,"s":[395.5,332,0],"to":[0,0,0],"ti":[0,0,0]},{"i":{"x":0.833,"y":0.833},"o":{"x":0.167,"y":0.167},"t":176,"s":[395.5,332,0],"to":[0,-9.333,0],"ti":[0,0,0]},{"i":{"x":0.833,"y":0.833},"o":{"x":0.167,"y":0.167},"t":201,"s":[395.5,276,0],"to":[0,0,0],"ti":[0,0,0]},{"i":{"x":0.833,"y":0.833},"o":{"x":0.167,"y":0.167},"t":289,"s":[395.5,276,0],"to":[0,0,0],"ti":[0.083,9.583,0]},{"t":314,"s":[395,218.5,0]}],"ix":2},"a":{"a":0,"k":[51.378,24.25,0],"ix":1},"s":{"a":0,"k":[100,100,100],"ix":6}},"ao":0,"shapes":[{"ty":"gr","it":[{"ind":0,"ty":"sh","ix":1,"ks":{"a":0,"k":{"i":[[0,0],[0,0],[0.126,0.228],[0,0.352],[-0.238,0.32],[-0.322,0],[-0.414,-0.3],[0,0],[0,0],[0.2,0],[0.238,0.32],[0,0.455],[-0.127,0.227],[-0.383,0.289]],"o":[[0,0],[-0.383,-0.289],[-0.127,-0.227],[0,-0.444],[0.238,-0.32],[0.2,0],[0,0],[0,0],[-0.414,0.31],[-0.322,0],[-0.238,-0.32],[0,-0.351],[0.126,-0.228],[0,0]],"v":[[1.846,-0.008],[-5.793,-5.715],[-6.557,-6.49],[-6.747,-7.36],[-6.391,-8.507],[-5.551,-8.988],[-4.631,-8.538],[6.747,-0.008],[-4.631,8.523],[-5.551,8.988],[-6.391,8.507],[-6.747,7.344],[-6.557,6.475],[-5.793,5.701]],"c":true},"ix":2},"nm":"Path 1","mn":"ADBE Vector Shape - Group","hd":false},{"ty":"fl","c":{"a":0,"k":[0.075,0.219999994016,0.328999986836,1],"ix":4},"o":{"a":0,"k":100,"ix":5},"r":1,"bm":0,"nm":"Fill 1","mn":"ADBE Vector Graphic - Fill","hd":false},{"ty":"tr","p":{"a":0,"k":[63.625,28.702],"ix":2},"a":{"a":0,"k":[0,0],"ix":1},"s":{"a":0,"k":[100,100],"ix":3},"r":{"a":0,"k":0,"ix":6},"o":{"a":0,"k":100,"ix":7},"sk":{"a":0,"k":0,"ix":4},"sa":{"a":0,"k":0,"ix":5},"nm":"Transform"}],"nm":"Group 1","np":2,"cix":2,"bm":0,"ix":1,"mn":"ADBE Vector Group","hd":false},{"ty":"gr","it":[{"ind":0,"ty":"sh","ix":1,"ks":{"a":0,"k":{"i":[[0.184,-0.538],[0,0],[0.154,-0.165],[0.284,0],[0.234,0.309],[0,0.392],[-0.185,0.537],[0,0],[-0.146,0.165],[-0.277,0],[-0.23,-0.305],[0,-0.392]],"o":[[0,0],[-0.192,0.548],[-0.199,0.218],[-0.322,0],[-0.234,-0.311],[0,-0.279],[0,0],[0.191,-0.548],[0.207,-0.217],[0.322,0],[0.23,0.305],[0,0.28]],"v":[[4.855,-10.313],[-2.704,11.648],[-3.221,12.717],[-3.947,13.043],[-4.781,12.579],[-5.13,11.524],[-4.854,10.298],[2.727,-11.647],[3.232,-12.717],[3.958,-13.043],[4.786,-12.585],[5.13,-11.539]],"c":true},"ix":2},"nm":"Path 1","mn":"ADBE Vector Shape - Group","hd":false},{"ty":"fl","c":{"a":0,"k":[0.075,0.219999994016,0.328999986836,1],"ix":4},"o":{"a":0,"k":100,"ix":5},"r":1,"bm":0,"nm":"Fill 1","mn":"ADBE Vector Graphic - Fill","hd":false},{"ty":"tr","p":{"a":0,"k":[48.849,28.369],"ix":2},"a":{"a":0,"k":[0,0],"ix":1},"s":{"a":0,"k":[100,100],"ix":3},"r":{"a":0,"k":0,"ix":6},"o":{"a":0,"k":100,"ix":7},"sk":{"a":0,"k":0,"ix":4},"sa":{"a":0,"k":0,"ix":5},"nm":"Transform"}],"nm":"Group 2","np":2,"cix":2,"bm":0,"ix":2,"mn":"ADBE Vector Group","hd":false},{"ty":"gr","it":[{"ind":0,"ty":"sh","ix":1,"ks":{"a":0,"k":{"i":[[0,0],[0,0],[-0.126,-0.228],[0,-0.351],[0.237,-0.325],[0.315,0],[0.414,0.31],[0,0],[0,0],[-0.2,0],[-0.238,-0.32],[0,-0.444],[0.127,-0.227],[0.383,-0.289]],"o":[[0,0],[0.383,0.289],[0.127,0.227],[0,0.444],[-0.238,0.327],[-0.207,0],[0,0],[0,0],[0.414,-0.3],[0.322,0],[0.237,0.32],[0,0.352],[-0.126,0.228],[0,0]],"v":[[-1.846,-0.008],[5.793,5.701],[6.557,6.475],[6.747,7.344],[6.391,8.499],[5.562,8.988],[4.631,8.523],[-6.747,-0.008],[4.631,-8.538],[5.551,-8.988],[6.391,-8.507],[6.747,-7.36],[6.557,-6.49],[5.793,-5.715]],"c":true},"ix":2},"nm":"Path 1","mn":"ADBE Vector Shape - Group","hd":false},{"ty":"fl","c":{"a":0,"k":[0.075,0.219999994016,0.328999986836,1],"ix":4},"o":{"a":0,"k":100,"ix":5},"r":1,"bm":0,"nm":"Fill 1","mn":"ADBE Vector Graphic - Fill","hd":false},{"ty":"tr","p":{"a":0,"k":[34.083,28.702],"ix":2},"a":{"a":0,"k":[0,0],"ix":1},"s":{"a":0,"k":[100,100],"ix":3},"r":{"a":0,"k":0,"ix":6},"o":{"a":0,"k":100,"ix":7},"sk":{"a":0,"k":0,"ix":4},"sa":{"a":0,"k":0,"ix":5},"nm":"Transform"}],"nm":"Group 3","np":2,"cix":2,"bm":0,"ix":3,"mn":"ADBE Vector Group","hd":false},{"ty":"gr","it":[{"ind":0,"ty":"sh","ix":1,"ks":{"a":0,"k":{"i":[[0.626,0],[0,0],[0,-0.406],[0,0],[0,0],[-0.627,0],[0,0],[0,0.407],[0,0],[0,0]],"o":[[0,0],[-0.627,0],[0,0],[0,0],[0,0.407],[0,0],[0.626,0],[0,0],[0,0],[0,-0.406]],"v":[[49.993,-24],[-49.992,-24],[-51.128,-23.264],[-51.128,-19.309],[-51.128,23.264],[-49.992,24],[49.993,24],[51.128,23.264],[51.128,-19.309],[51.128,-23.264]],"c":true},"ix":2},"nm":"Path 1","mn":"ADBE Vector Shape - Group","hd":false},{"ind":1,"ty":"sh","ix":2,"ks":{"a":0,"k":{"i":[[0,0],[-0.06,-0.046],[0,0],[0,0],[0.241,0],[0,0],[0.059,0.046],[0,0],[0,0],[-0.242,0]],"o":[[0.241,0],[0,0],[0,0],[-0.06,0.046],[0,0],[-0.242,0],[0,0],[0,0],[0.059,-0.046],[0,0]],"v":[[49.993,-23.323],[50.451,-23.2],[50.451,-19.309],[50.451,23.2],[49.993,23.322],[-49.992,23.322],[-50.451,23.2],[-50.451,-19.309],[-50.451,-23.2],[-49.992,-23.323]],"c":true},"ix":2},"nm":"Path 2","mn":"ADBE Vector Shape - Group","hd":false},{"ty":"mm","mm":1,"nm":"Merge Paths 1","mn":"ADBE Vector Filter - Merge","hd":false},{"ty":"fl","c":{"a":0,"k":[0.141000007181,0.19199999641,0.368999974868,1],"ix":4},"o":{"a":0,"k":100,"ix":5},"r":1,"bm":0,"nm":"Fill 1","mn":"ADBE Vector Graphic - Fill","hd":false},{"ty":"tr","p":{"a":0,"k":[51.378,24.25],"ix":2},"a":{"a":0,"k":[0,0],"ix":1},"s":{"a":0,"k":[100,100],"ix":3},"r":{"a":0,"k":0,"ix":6},"o":{"a":0,"k":100,"ix":7},"sk":{"a":0,"k":0,"ix":4},"sa":{"a":0,"k":0,"ix":5},"nm":"Transform"}],"nm":"Group 4","np":4,"cix":2,"bm":0,"ix":4,"mn":"ADBE Vector Group","hd":false},{"ty":"gr","it":[{"ind":0,"ty":"sh","ix":1,"ks":{"a":0,"k":{"i":[[0,-0.558],[0.557,0],[0,0.557],[-0.557,0]],"o":[[0,0.557],[-0.557,0],[0,-0.558],[0.557,0]],"v":[[1.009,0],[0,1.009],[-1.009,0],[0,-1.009]],"c":true},"ix":2},"nm":"Path 1","mn":"ADBE Vector Shape - Group","hd":false},{"ty":"fl","c":{"a":0,"k":[0.54900004069,0.776000019148,0.246999987434,1],"ix":4},"o":{"a":0,"k":100,"ix":5},"r":1,"bm":0,"nm":"Fill 1","mn":"ADBE Vector Graphic - Fill","hd":false},{"ty":"tr","p":{"a":0,"k":[10.678,3.95],"ix":2},"a":{"a":0,"k":[0,0],"ix":1},"s":{"a":0,"k":[100,100],"ix":3},"r":{"a":0,"k":0,"ix":6},"o":{"a":0,"k":100,"ix":7},"sk":{"a":0,"k":0,"ix":4},"sa":{"a":0,"k":0,"ix":5},"nm":"Transform"}],"nm":"Group 5","np":2,"cix":2,"bm":0,"ix":5,"mn":"ADBE Vector Group","hd":false},{"ty":"gr","it":[{"ind":0,"ty":"sh","ix":1,"ks":{"a":0,"k":{"i":[[0,-0.558],[0.557,0],[0,0.557],[-0.557,0]],"o":[[0,0.557],[-0.557,0],[0,-0.558],[0.557,0]],"v":[[1.009,0],[0,1.009],[-1.009,0],[0,-1.009]],"c":true},"ix":2},"nm":"Path 1","mn":"ADBE Vector Shape - Group","hd":false},{"ty":"fl","c":{"a":0,"k":[0.984000052658,0.689999988032,0.231000010173,1],"ix":4},"o":{"a":0,"k":100,"ix":5},"r":1,"bm":0,"nm":"Fill 1","mn":"ADBE Vector Graphic - Fill","hd":false},{"ty":"tr","p":{"a":0,"k":[7.314,3.95],"ix":2},"a":{"a":0,"k":[0,0],"ix":1},"s":{"a":0,"k":[100,100],"ix":3},"r":{"a":0,"k":0,"ix":6},"o":{"a":0,"k":100,"ix":7},"sk":{"a":0,"k":0,"ix":4},"sa":{"a":0,"k":0,"ix":5},"nm":"Transform"}],"nm":"Group 6","np":2,"cix":2,"bm":0,"ix":6,"mn":"ADBE Vector Group","hd":false},{"ty":"gr","it":[{"ind":0,"ty":"sh","ix":1,"ks":{"a":0,"k":{"i":[[0,-0.558],[0.557,0],[0,0.557],[-0.557,0]],"o":[[0,0.557],[-0.557,0],[0,-0.558],[0.557,0]],"v":[[1.01,0],[0.001,1.009],[-1.01,0],[0.001,-1.009]],"c":true},"ix":2},"nm":"Path 1","mn":"ADBE Vector Shape - Group","hd":false},{"ty":"fl","c":{"a":0,"k":[1,0.113999998803,0.144999994016,1],"ix":4},"o":{"a":0,"k":100,"ix":5},"r":1,"bm":0,"nm":"Fill 1","mn":"ADBE Vector Graphic - Fill","hd":false},{"ty":"tr","p":{"a":0,"k":[3.95,3.95],"ix":2},"a":{"a":0,"k":[0,0],"ix":1},"s":{"a":0,"k":[100,100],"ix":3},"r":{"a":0,"k":0,"ix":6},"o":{"a":0,"k":100,"ix":7},"sk":{"a":0,"k":0,"ix":4},"sa":{"a":0,"k":0,"ix":5},"nm":"Transform"}],"nm":"Group 7","np":2,"cix":2,"bm":0,"ix":7,"mn":"ADBE Vector Group","hd":false},{"ty":"gr","it":[{"ind":0,"ty":"sh","ix":1,"ks":{"a":0,"k":{"i":[[0,0],[0,0],[0,0],[-0.627,0],[0,0],[0,-0.627]],"o":[[0,0],[0,0],[0,-0.627],[0,0],[0.627,0],[0,0]],"v":[[51.128,3.616],[-51.128,3.616],[-51.128,-2.481],[-49.993,-3.616],[49.992,-3.616],[51.128,-2.481]],"c":true},"ix":2},"nm":"Path 1","mn":"ADBE Vector Shape - Group","hd":false},{"ty":"fl","c":{"a":0,"k":[0.141000007181,0.19199999641,0.368999974868,1],"ix":4},"o":{"a":0,"k":100,"ix":5},"r":1,"bm":0,"nm":"Fill 1","mn":"ADBE Vector Graphic - Fill","hd":false},{"ty":"tr","p":{"a":0,"k":[51.377,3.866],"ix":2},"a":{"a":0,"k":[0,0],"ix":1},"s":{"a":0,"k":[100,100],"ix":3},"r":{"a":0,"k":0,"ix":6},"o":{"a":0,"k":100,"ix":7},"sk":{"a":0,"k":0,"ix":4},"sa":{"a":0,"k":0,"ix":5},"nm":"Transform"}],"nm":"Group 8","np":2,"cix":2,"bm":0,"ix":8,"mn":"ADBE Vector Group","hd":false},{"ty":"gr","it":[{"ind":0,"ty":"sh","ix":1,"ks":{"a":0,"k":{"i":[[0.49,0],[0,0],[0,0.49],[0,0],[0,0],[0,0]],"o":[[0,0],[-0.49,0],[0,0],[0,0],[0,0],[0,0.49]],"v":[[50.241,20.384],[-50.241,20.384],[-51.128,19.497],[-51.128,-20.384],[51.128,-20.384],[51.128,19.497]],"c":true},"ix":2},"nm":"Path 1","mn":"ADBE Vector Shape - Group","hd":false},{"ty":"fl","c":{"a":0,"k":[0.902000038297,0.902000038297,0.902000038297,1],"ix":4},"o":{"a":0,"k":100,"ix":5},"r":1,"bm":0,"nm":"Fill 1","mn":"ADBE Vector Graphic - Fill","hd":false},{"ty":"tr","p":{"a":0,"k":[51.378,27.866],"ix":2},"a":{"a":0,"k":[0,0],"ix":1},"s":{"a":0,"k":[100,100],"ix":3},"r":{"a":0,"k":0,"ix":6},"o":{"a":0,"k":100,"ix":7},"sk":{"a":0,"k":0,"ix":4},"sa":{"a":0,"k":0,"ix":5},"nm":"Transform"}],"nm":"Group 9","np":2,"cix":2,"bm":0,"ix":9,"mn":"ADBE Vector Group","hd":false}],"ip":0,"op":509,"st":0,"bm":0},{"ddd":0,"ind":11,"ty":4,"nm":"css Outlines 2","sr":1,"ks":{"o":{"a":1,"k":[{"i":{"x":[0.833],"y":[0.833]},"o":{"x":[0.167],"y":[0.167]},"t":176,"s":[0]},{"t":201,"s":[100]}],"ix":11},"r":{"a":0,"k":0,"ix":10},"p":{"a":1,"k":[{"i":{"x":0.833,"y":0.833},"o":{"x":0.167,"y":0.167},"t":176,"s":[395.128,388.5,0],"to":[0.062,-9.417,0],"ti":[-0.062,9.417,0]},{"i":{"x":0.833,"y":0.833},"o":{"x":0.167,"y":0.167},"t":201,"s":[395.5,332,0],"to":[0,0,0],"ti":[0,0,0]},{"i":{"x":0.833,"y":0.833},"o":{"x":0.167,"y":0.167},"t":289,"s":[395.5,332,0],"to":[0,-9.333,0],"ti":[0,0,0]},{"t":314,"s":[395.5,276,0]}],"ix":2},"a":{"a":0,"k":[51.377,24.25,0],"ix":1},"s":{"a":0,"k":[100,100,100],"ix":6}},"ao":0,"shapes":[{"ty":"gr","it":[{"ind":0,"ty":"sh","ix":1,"ks":{"a":0,"k":{"i":[[0.689,0.372],[0.15,-0.082],[0.218,0],[0.259,0.286],[0,0.663],[0,0],[-0.259,0.286],[-0.426,0],[-0.223,-0.173],[-0.118,-0.403],[-0.127,-0.145],[-0.672,-0.291],[-0.8,0],[-0.798,0.582],[0,0.518],[0.245,0.305],[0.553,0.2],[1.263,0.237],[0.781,0.399],[0.453,0.727],[0,0.844],[-1.117,1.004],[-1.789,0],[-0.612,-0.16],[-0.499,-0.327],[-0.363,0],[-0.259,-0.287],[0,-0.663],[0,0],[0.259,-0.287],[0.408,0],[0.255,0.209],[0.099,0.463],[0.154,0.2],[0.526,0.236],[0.69,0],[0.586,-0.467],[0,-0.508],[-0.241,-0.322],[-0.463,-0.181],[-1.43,-0.281],[-0.768,-0.336],[-0.509,-0.716],[0,-0.989],[0.972,-0.826],[1.997,0],[0.731,0.185]],"o":[[-0.246,0.29],[-0.15,0.081],[-0.426,0],[-0.259,-0.286],[0,0],[0,-0.672],[0.259,-0.286],[0.328,0],[0.222,0.172],[0.119,0.404],[0.263,0.282],[0.672,0.291],[1.243,0],[0.508,-0.353],[0,-0.345],[-0.245,-0.304],[-0.364,-0.136],[-1.525,-0.281],[-0.781,-0.399],[-0.454,-0.726],[0,-1.335],[1.117,-1.003],[0.718,0],[0.614,0.159],[0.364,-0.353],[0.408,0],[0.259,0.285],[0,0],[0,0.672],[-0.259,0.285],[-0.346,0],[-0.199,-0.154],[-0.1,-0.464],[-0.264,-0.345],[-0.526,-0.237],[-1.008,0],[-0.586,0.468],[0,0.345],[0.24,0.323],[0.309,0.127],[1.43,0.282],[0.766,0.336],[0.509,0.718],[0,1.381],[-1.29,1.09],[-0.773,0],[-0.731,-0.187]],"v":[[-4.105,7.553],[-4.699,8.113],[-5.251,8.235],[-6.278,7.806],[-6.667,6.381],[-6.667,4.502],[-6.278,3.066],[-5.251,2.637],[-4.425,2.896],[-3.916,3.76],[-3.548,4.584],[-2.144,5.443],[0.063,5.878],[3.127,5.006],[3.89,3.699],[3.521,2.725],[2.324,1.969],[-0.115,1.41],[-3.575,0.389],[-5.426,-1.301],[-6.109,-3.657],[-4.433,-7.165],[-0.075,-8.67],[1.92,-8.431],[3.589,-7.703],[4.679,-8.234],[5.68,-7.804],[6.07,-6.382],[6.07,-4.284],[5.68,-2.845],[4.679,-2.418],[3.781,-2.731],[3.331,-3.657],[2.951,-4.652],[1.765,-5.523],[-0.061,-5.878],[-2.451,-5.176],[-3.33,-3.712],[-2.968,-2.711],[-1.913,-1.955],[0.696,-1.342],[3.993,-0.416],[5.906,1.165],[6.667,3.726],[5.21,7.036],[0.281,8.67],[-1.975,8.392]],"c":true},"ix":2},"nm":"Path 1","mn":"ADBE Vector Shape - Group","hd":false},{"ty":"fl","c":{"a":0,"k":[0,0,0,1],"ix":4},"o":{"a":0,"k":100,"ix":5},"r":1,"bm":0,"nm":"Fill 1","mn":"ADBE Vector Graphic - Fill","hd":false},{"ty":"tr","p":{"a":0,"k":[70.888,26.191],"ix":2},"a":{"a":0,"k":[0,0],"ix":1},"s":{"a":0,"k":[100,100],"ix":3},"r":{"a":0,"k":0,"ix":6},"o":{"a":0,"k":100,"ix":7},"sk":{"a":0,"k":0,"ix":4},"sa":{"a":0,"k":0,"ix":5},"nm":"Transform"}],"nm":"Group 1","np":2,"cix":2,"bm":0,"ix":1,"mn":"ADBE Vector Group","hd":false},{"ty":"gr","it":[{"ind":0,"ty":"sh","ix":1,"ks":{"a":0,"k":{"i":[[0.689,0.372],[0.15,-0.082],[0.218,0],[0.259,0.286],[0,0.663],[0,0],[-0.259,0.286],[-0.426,0],[-0.223,-0.173],[-0.118,-0.403],[-0.127,-0.145],[-0.672,-0.291],[-0.8,0],[-0.798,0.582],[0,0.518],[0.245,0.305],[0.553,0.2],[1.263,0.237],[0.781,0.399],[0.453,0.727],[0,0.844],[-1.117,1.004],[-1.789,0],[-0.612,-0.16],[-0.499,-0.327],[-0.363,0],[-0.259,-0.287],[0,-0.663],[0,0],[0.259,-0.287],[0.408,0],[0.255,0.209],[0.099,0.463],[0.154,0.2],[0.526,0.236],[0.69,0],[0.586,-0.467],[0,-0.508],[-0.241,-0.322],[-0.463,-0.181],[-1.43,-0.281],[-0.768,-0.336],[-0.509,-0.716],[0,-0.989],[0.972,-0.826],[1.997,0],[0.731,0.185]],"o":[[-0.246,0.29],[-0.15,0.081],[-0.426,0],[-0.259,-0.286],[0,0],[0,-0.672],[0.259,-0.286],[0.328,0],[0.222,0.172],[0.119,0.404],[0.263,0.282],[0.672,0.291],[1.243,0],[0.508,-0.353],[0,-0.345],[-0.245,-0.304],[-0.364,-0.136],[-1.525,-0.281],[-0.781,-0.399],[-0.454,-0.726],[0,-1.335],[1.117,-1.003],[0.718,0],[0.614,0.159],[0.364,-0.353],[0.408,0],[0.259,0.285],[0,0],[0,0.672],[-0.259,0.285],[-0.346,0],[-0.199,-0.154],[-0.1,-0.464],[-0.264,-0.345],[-0.526,-0.237],[-1.008,0],[-0.586,0.468],[0,0.345],[0.24,0.323],[0.309,0.127],[1.43,0.282],[0.766,0.336],[0.509,0.718],[0,1.381],[-1.29,1.09],[-0.773,0],[-0.731,-0.187]],"v":[[-4.105,7.553],[-4.699,8.113],[-5.251,8.235],[-6.278,7.806],[-6.667,6.381],[-6.667,4.502],[-6.278,3.066],[-5.251,2.637],[-4.425,2.896],[-3.916,3.76],[-3.548,4.584],[-2.144,5.443],[0.063,5.878],[3.127,5.006],[3.89,3.699],[3.521,2.725],[2.324,1.969],[-0.115,1.41],[-3.575,0.389],[-5.426,-1.301],[-6.109,-3.657],[-4.433,-7.165],[-0.075,-8.67],[1.92,-8.431],[3.589,-7.703],[4.679,-8.234],[5.68,-7.804],[6.07,-6.382],[6.07,-4.284],[5.68,-2.845],[4.679,-2.418],[3.781,-2.731],[3.331,-3.657],[2.951,-4.652],[1.765,-5.523],[-0.061,-5.878],[-2.451,-5.176],[-3.33,-3.712],[-2.968,-2.711],[-1.913,-1.955],[0.696,-1.342],[3.993,-0.416],[5.906,1.165],[6.667,3.726],[5.21,7.036],[0.281,8.67],[-1.975,8.392]],"c":true},"ix":2},"nm":"Path 1","mn":"ADBE Vector Shape - Group","hd":false},{"ty":"fl","c":{"a":0,"k":[0,0,0,1],"ix":4},"o":{"a":0,"k":100,"ix":5},"r":1,"bm":0,"nm":"Fill 1","mn":"ADBE Vector Graphic - Fill","hd":false},{"ty":"tr","p":{"a":0,"k":[54.147,26.191],"ix":2},"a":{"a":0,"k":[0,0],"ix":1},"s":{"a":0,"k":[100,100],"ix":3},"r":{"a":0,"k":0,"ix":6},"o":{"a":0,"k":100,"ix":7},"sk":{"a":0,"k":0,"ix":4},"sa":{"a":0,"k":0,"ix":5},"nm":"Transform"}],"nm":"Group 2","np":2,"cix":2,"bm":0,"ix":2,"mn":"ADBE Vector Group","hd":false},{"ty":"gr","it":[{"ind":0,"ty":"sh","ix":1,"ks":{"a":0,"k":{"i":[[-0.608,-0.382],[-0.204,0.118],[-0.236,0],[-0.259,-0.281],[0,-0.672],[0,0],[0.258,-0.286],[0.409,0],[0.227,0.209],[0.109,0.571],[0.192,0.209],[0.668,0.245],[0.672,0],[0.7,-0.363],[0.535,-0.818],[0,-1.126],[0,0],[-0.976,-0.898],[-1.734,0],[-0.718,0.281],[-0.472,0.482],[-0.163,0.086],[-0.209,0],[-0.281,-0.282],[0,-0.382],[0.381,-0.436],[0.872,-0.364],[1.416,0],[1.325,0.681],[0.754,1.177],[0,1.389],[0,0],[-0.677,1.258],[-1.198,0.68],[-1.344,0],[-0.704,-0.186]],"o":[[0.173,-0.236],[0.205,-0.118],[0.409,0],[0.258,0.281],[0,0],[0,0.672],[-0.259,0.285],[-0.372,0],[-0.227,-0.209],[-0.063,-0.382],[-0.372,-0.408],[-0.667,-0.245],[-0.836,0],[-0.699,0.363],[-0.536,0.817],[0,0],[0,1.344],[0.976,0.9],[1.035,0],[0.417,-0.164],[0.29,-0.29],[0.163,-0.087],[0.373,0],[0.281,0.281],[0,0.381],[-0.554,0.635],[-1.172,0.49],[-1.653,0],[-1.071,-0.545],[-0.754,-1.175],[0,0],[0,-1.452],[0.675,-1.258],[1.198,-0.681],[0.808,0],[0.703,0.186]],"v":[[4.413,-7.539],[4.978,-8.07],[5.639,-8.248],[6.641,-7.825],[7.028,-6.395],[7.028,-4.025],[6.641,-2.588],[5.639,-2.159],[4.74,-2.473],[4.236,-3.643],[3.854,-4.529],[2.295,-5.51],[0.286,-5.878],[-2.016,-5.333],[-3.868,-3.562],[-4.672,-0.646],[-4.672,1.165],[-3.208,4.529],[0.858,5.878],[3.487,5.456],[4.822,4.488],[5.503,3.924],[6.061,3.794],[7.042,4.217],[7.464,5.211],[6.892,6.437],[4.754,7.935],[0.872,8.67],[-3.596,7.649],[-6.334,5.067],[-7.464,1.22],[-7.464,-0.674],[-6.449,-4.74],[-3.637,-7.648],[0.177,-8.67],[2.445,-8.391]],"c":true},"ix":2},"nm":"Path 1","mn":"ADBE Vector Shape - Group","hd":false},{"ty":"fl","c":{"a":0,"k":[0,0,0,1],"ix":4},"o":{"a":0,"k":100,"ix":5},"r":1,"bm":0,"nm":"Fill 1","mn":"ADBE Vector Graphic - Fill","hd":false},{"ty":"tr","p":{"a":0,"k":[37.347,26.191],"ix":2},"a":{"a":0,"k":[0,0],"ix":1},"s":{"a":0,"k":[100,100],"ix":3},"r":{"a":0,"k":0,"ix":6},"o":{"a":0,"k":100,"ix":7},"sk":{"a":0,"k":0,"ix":4},"sa":{"a":0,"k":0,"ix":5},"nm":"Transform"}],"nm":"Group 3","np":2,"cix":2,"bm":0,"ix":3,"mn":"ADBE Vector Group","hd":false},{"ty":"gr","it":[{"ind":0,"ty":"sh","ix":1,"ks":{"a":0,"k":{"i":[[0.627,0],[0,0],[0,-0.407],[0,0],[0,0],[-0.627,0],[0,0],[0,0.407],[0,0],[0,0]],"o":[[0,0],[-0.627,0],[0,0],[0,0],[0,0.407],[0,0],[0.627,0],[0,0],[0,0],[0,-0.407]],"v":[[49.992,-24],[-49.992,-24],[-51.127,-23.264],[-51.127,-19.309],[-51.127,23.264],[-49.992,24],[49.992,24],[51.127,23.264],[51.127,-19.309],[51.127,-23.264]],"c":true},"ix":2},"nm":"Path 1","mn":"ADBE Vector Shape - Group","hd":false},{"ind":1,"ty":"sh","ix":2,"ks":{"a":0,"k":{"i":[[0,0],[-0.06,-0.046],[0,0],[0,0],[0.242,0],[0,0],[0.059,0.046],[0,0],[0,0],[-0.243,0]],"o":[[0.242,0],[0,0],[0,0],[-0.06,0.046],[0,0],[-0.243,0],[0,0],[0,0],[0.059,-0.046],[0,0]],"v":[[49.992,-23.322],[50.45,-23.2],[50.45,-19.309],[50.45,23.2],[49.992,23.322],[-49.992,23.322],[-50.45,23.2],[-50.45,-19.309],[-50.45,-23.2],[-49.992,-23.322]],"c":true},"ix":2},"nm":"Path 2","mn":"ADBE Vector Shape - Group","hd":false},{"ty":"mm","mm":1,"nm":"Merge Paths 1","mn":"ADBE Vector Filter - Merge","hd":false},{"ty":"fl","c":{"a":0,"k":[0.141000007181,0.19199999641,0.368999974868,1],"ix":4},"o":{"a":0,"k":100,"ix":5},"r":1,"bm":0,"nm":"Fill 1","mn":"ADBE Vector Graphic - Fill","hd":false},{"ty":"tr","p":{"a":0,"k":[51.377,24.25],"ix":2},"a":{"a":0,"k":[0,0],"ix":1},"s":{"a":0,"k":[100,100],"ix":3},"r":{"a":0,"k":0,"ix":6},"o":{"a":0,"k":100,"ix":7},"sk":{"a":0,"k":0,"ix":4},"sa":{"a":0,"k":0,"ix":5},"nm":"Transform"}],"nm":"Group 4","np":4,"cix":2,"bm":0,"ix":4,"mn":"ADBE Vector Group","hd":false},{"ty":"gr","it":[{"ind":0,"ty":"sh","ix":1,"ks":{"a":0,"k":{"i":[[0,-0.558],[0.558,0],[0,0.557],[-0.556,0]],"o":[[0,0.557],[-0.556,0],[0,-0.558],[0.558,0]],"v":[[1.01,0.001],[-0.001,1.01],[-1.01,0.001],[-0.001,-1.01]],"c":true},"ix":2},"nm":"Path 1","mn":"ADBE Vector Shape - Group","hd":false},{"ty":"fl","c":{"a":0,"k":[0.54900004069,0.776000019148,0.246999987434,1],"ix":4},"o":{"a":0,"k":100,"ix":5},"r":1,"bm":0,"nm":"Fill 1","mn":"ADBE Vector Graphic - Fill","hd":false},{"ty":"tr","p":{"a":0,"k":[10.677,3.95],"ix":2},"a":{"a":0,"k":[0,0],"ix":1},"s":{"a":0,"k":[100,100],"ix":3},"r":{"a":0,"k":0,"ix":6},"o":{"a":0,"k":100,"ix":7},"sk":{"a":0,"k":0,"ix":4},"sa":{"a":0,"k":0,"ix":5},"nm":"Transform"}],"nm":"Group 5","np":2,"cix":2,"bm":0,"ix":5,"mn":"ADBE Vector Group","hd":false},{"ty":"gr","it":[{"ind":0,"ty":"sh","ix":1,"ks":{"a":0,"k":{"i":[[0,-0.558],[0.558,0],[0,0.557],[-0.557,0]],"o":[[0,0.557],[-0.557,0],[0,-0.558],[0.558,0]],"v":[[1.009,0.001],[0,1.01],[-1.009,0.001],[0,-1.01]],"c":true},"ix":2},"nm":"Path 1","mn":"ADBE Vector Shape - Group","hd":false},{"ty":"fl","c":{"a":0,"k":[0.984000052658,0.689999988032,0.231000010173,1],"ix":4},"o":{"a":0,"k":100,"ix":5},"r":1,"bm":0,"nm":"Fill 1","mn":"ADBE Vector Graphic - Fill","hd":false},{"ty":"tr","p":{"a":0,"k":[7.313,3.95],"ix":2},"a":{"a":0,"k":[0,0],"ix":1},"s":{"a":0,"k":[100,100],"ix":3},"r":{"a":0,"k":0,"ix":6},"o":{"a":0,"k":100,"ix":7},"sk":{"a":0,"k":0,"ix":4},"sa":{"a":0,"k":0,"ix":5},"nm":"Transform"}],"nm":"Group 6","np":2,"cix":2,"bm":0,"ix":6,"mn":"ADBE Vector Group","hd":false},{"ty":"gr","it":[{"ind":0,"ty":"sh","ix":1,"ks":{"a":0,"k":{"i":[[0,-0.558],[0.558,0],[0,0.557],[-0.556,0]],"o":[[0,0.557],[-0.556,0],[0,-0.558],[0.558,0]],"v":[[1.01,0.001],[-0.001,1.01],[-1.01,0.001],[-0.001,-1.01]],"c":true},"ix":2},"nm":"Path 1","mn":"ADBE Vector Shape - Group","hd":false},{"ty":"fl","c":{"a":0,"k":[1,0.113999998803,0.144999994016,1],"ix":4},"o":{"a":0,"k":100,"ix":5},"r":1,"bm":0,"nm":"Fill 1","mn":"ADBE Vector Graphic - Fill","hd":false},{"ty":"tr","p":{"a":0,"k":[3.949,3.95],"ix":2},"a":{"a":0,"k":[0,0],"ix":1},"s":{"a":0,"k":[100,100],"ix":3},"r":{"a":0,"k":0,"ix":6},"o":{"a":0,"k":100,"ix":7},"sk":{"a":0,"k":0,"ix":4},"sa":{"a":0,"k":0,"ix":5},"nm":"Transform"}],"nm":"Group 7","np":2,"cix":2,"bm":0,"ix":7,"mn":"ADBE Vector Group","hd":false},{"ty":"gr","it":[{"ind":0,"ty":"sh","ix":1,"ks":{"a":0,"k":{"i":[[0,0],[0,0],[0,0],[-0.627,0],[0,0],[0,-0.627]],"o":[[0,0],[0,0],[0,-0.627],[0,0],[0.627,0],[0,0]],"v":[[51.127,3.615],[-51.127,3.615],[-51.127,-2.482],[-49.992,-3.615],[49.992,-3.615],[51.127,-2.482]],"c":true},"ix":2},"nm":"Path 1","mn":"ADBE Vector Shape - Group","hd":false},{"ty":"fl","c":{"a":0,"k":[0.141000007181,0.19199999641,0.368999974868,1],"ix":4},"o":{"a":0,"k":100,"ix":5},"r":1,"bm":0,"nm":"Fill 1","mn":"ADBE Vector Graphic - Fill","hd":false},{"ty":"tr","p":{"a":0,"k":[51.377,3.866],"ix":2},"a":{"a":0,"k":[0,0],"ix":1},"s":{"a":0,"k":[100,100],"ix":3},"r":{"a":0,"k":0,"ix":6},"o":{"a":0,"k":100,"ix":7},"sk":{"a":0,"k":0,"ix":4},"sa":{"a":0,"k":0,"ix":5},"nm":"Transform"}],"nm":"Group 8","np":2,"cix":2,"bm":0,"ix":8,"mn":"ADBE Vector Group","hd":false},{"ty":"gr","it":[{"ind":0,"ty":"sh","ix":1,"ks":{"a":0,"k":{"i":[[0.49,0],[0,0],[0,0.49],[0,0],[0,0],[0,0]],"o":[[0,0],[-0.491,0],[0,0],[0,0],[0,0],[0,0.49]],"v":[[50.24,20.385],[-50.24,20.385],[-51.127,19.498],[-51.127,-20.385],[51.127,-20.385],[51.127,19.498]],"c":true},"ix":2},"nm":"Path 1","mn":"ADBE Vector Shape - Group","hd":false},{"ty":"fl","c":{"a":0,"k":[0.902000038297,0.902000038297,0.902000038297,1],"ix":4},"o":{"a":0,"k":100,"ix":5},"r":1,"bm":0,"nm":"Fill 1","mn":"ADBE Vector Graphic - Fill","hd":false},{"ty":"tr","p":{"a":0,"k":[51.377,27.866],"ix":2},"a":{"a":0,"k":[0,0],"ix":1},"s":{"a":0,"k":[100,100],"ix":3},"r":{"a":0,"k":0,"ix":6},"o":{"a":0,"k":100,"ix":7},"sk":{"a":0,"k":0,"ix":4},"sa":{"a":0,"k":0,"ix":5},"nm":"Transform"}],"nm":"Group 9","np":2,"cix":2,"bm":0,"ix":9,"mn":"ADBE Vector Group","hd":false}],"ip":0,"op":509,"st":0,"bm":0},{"ddd":0,"ind":12,"ty":4,"nm":"html Outlines 2","sr":1,"ks":{"o":{"a":1,"k":[{"i":{"x":[0.833],"y":[0.833]},"o":{"x":[0.167],"y":[0.167]},"t":289,"s":[0]},{"t":314,"s":[100]}],"ix":11},"r":{"a":0,"k":0,"ix":10},"p":{"a":1,"k":[{"i":{"x":0.833,"y":0.833},"o":{"x":0.167,"y":0.167},"t":289,"s":[395.128,388.5,0],"to":[0.062,-9.417,0],"ti":[-0.062,9.417,0]},{"t":314,"s":[395.5,332,0]}],"ix":2},"a":{"a":0,"k":[51.377,24.25,0],"ix":1},"s":{"a":0,"k":[100,100,100],"ix":6}},"ao":0,"shapes":[{"ty":"gr","it":[{"ind":0,"ty":"sh","ix":1,"ks":{"a":0,"k":{"i":[[0,0],[0,0],[0,0],[0,0],[-0.259,0.286],[-0.418,0],[-0.259,-0.286],[0,-0.672],[0,0],[0,0],[0.287,0.259],[0,0.417],[-0.286,0.258],[-0.672,0],[0,0],[0,0],[0,0],[0.287,0.259],[0,0.418],[-0.286,0.259],[-0.672,0],[0,0],[-0.286,-0.254],[0,-0.418],[0.286,-0.258],[0.672,0]],"o":[[0,0],[0,0],[0,0],[0,-0.672],[0.259,-0.286],[0.408,0],[0.259,0.286],[0,0],[0,0],[-0.672,0],[-0.286,-0.259],[0,-0.409],[0.287,-0.259],[0,0],[0,0],[0,0],[-0.672,0],[-0.286,-0.258],[0,-0.418],[0.287,-0.259],[0,0],[0.672,0],[0.286,0.254],[0,0.418],[-0.286,0.259],[0,0]],"v":[[-1.267,-5.455],[-1.267,5.47],[4.754,5.47],[4.754,2.827],[5.142,1.39],[6.157,0.961],[7.158,1.39],[7.546,2.827],[7.546,8.262],[-5.68,8.262],[-7.117,7.873],[-7.546,6.859],[-7.117,5.858],[-5.68,5.47],[-4.059,5.47],[-4.059,-5.455],[-5.68,-5.455],[-7.117,-5.844],[-7.546,-6.858],[-7.117,-7.873],[-5.68,-8.262],[0.368,-8.248],[1.805,-7.866],[2.234,-6.858],[1.805,-5.844],[0.368,-5.455]],"c":true},"ix":2},"nm":"Path 1","mn":"ADBE Vector Shape - Group","hd":false},{"ty":"fl","c":{"a":0,"k":[0,0,0,1],"ix":4},"o":{"a":0,"k":100,"ix":5},"r":1,"bm":0,"nm":"Fill 1","mn":"ADBE Vector Graphic - Fill","hd":false},{"ty":"tr","p":{"a":0,"k":[77.704,26.191],"ix":2},"a":{"a":0,"k":[0,0],"ix":1},"s":{"a":0,"k":[100,100],"ix":3},"r":{"a":0,"k":0,"ix":6},"o":{"a":0,"k":100,"ix":7},"sk":{"a":0,"k":0,"ix":4},"sa":{"a":0,"k":0,"ix":5},"nm":"Transform"}],"nm":"Group 1","np":2,"cix":2,"bm":0,"ix":1,"mn":"ADBE Vector Group","hd":false},{"ty":"gr","it":[{"ind":0,"ty":"sh","ix":1,"ks":{"a":0,"k":{"i":[[0,0],[0,0],[0,0],[-0.286,-0.259],[0,-0.417],[0.286,-0.259],[0.672,0],[0,0],[0.286,0.258],[0,0.418],[-0.281,0.259],[-0.59,0],[0,0],[0.249,0.255],[0,0.381],[-0.286,0.259],[-0.672,0],[0,0],[0,0],[0,0],[0,0],[-0.286,-0.254],[0,-0.418],[0.254,-0.254],[0.482,-0.045],[0,0],[-0.281,-0.263],[0,-0.409],[0.286,-0.259],[0.672,0],[0,0],[0.286,0.258],[0,0.418],[-0.286,0.259],[-0.663,0],[0,0],[0,0],[0,0],[0,0]],"o":[[0,0],[0,0],[0.672,0],[0.286,0.259],[0,0.409],[-0.286,0.258],[0,0],[-0.672,0],[-0.286,-0.259],[0,-0.408],[0.282,-0.259],[0,0],[-0.49,-0.045],[-0.25,-0.254],[0,-0.418],[0.286,-0.258],[0,0],[0,0],[0,0],[0,0],[0.672,0],[0.286,0.254],[0,0.381],[-0.255,0.255],[0,0],[0.59,0],[0.281,0.263],[0,0.409],[-0.286,0.258],[0,0],[-0.663,0],[-0.286,-0.259],[0,-0.408],[0.286,-0.259],[0,0],[0,0],[0,0],[0,0],[0,0]],"v":[[-4.433,-2.853],[-4.433,5.469],[-3.425,5.469],[-1.99,5.857],[-1.559,6.872],[-1.99,7.873],[-3.425,8.261],[-7.089,8.261],[-8.528,7.873],[-8.955,6.858],[-8.535,5.857],[-7.227,5.469],[-7.227,-5.455],[-8.335,-5.905],[-8.71,-6.858],[-8.283,-7.873],[-6.844,-8.261],[-3.781,-8.248],[0.02,0.157],[3.752,-8.261],[6.843,-8.248],[8.282,-7.866],[8.71,-6.858],[8.329,-5.905],[7.226,-5.455],[7.226,5.469],[8.533,5.864],[8.955,6.872],[8.527,7.873],[7.089,8.261],[3.412,8.261],[1.989,7.873],[1.559,6.858],[1.989,5.857],[3.412,5.469],[4.433,5.469],[4.433,-2.853],[1.232,4.338],[-1.192,4.338]],"c":true},"ix":2},"nm":"Path 1","mn":"ADBE Vector Shape - Group","hd":false},{"ty":"fl","c":{"a":0,"k":[0,0,0,1],"ix":4},"o":{"a":0,"k":100,"ix":5},"r":1,"bm":0,"nm":"Fill 1","mn":"ADBE Vector Graphic - Fill","hd":false},{"ty":"tr","p":{"a":0,"k":[60.93,26.191],"ix":2},"a":{"a":0,"k":[0,0],"ix":1},"s":{"a":0,"k":[100,100],"ix":3},"r":{"a":0,"k":0,"ix":6},"o":{"a":0,"k":100,"ix":7},"sk":{"a":0,"k":0,"ix":4},"sa":{"a":0,"k":0,"ix":5},"nm":"Transform"}],"nm":"Group 2","np":2,"cix":2,"bm":0,"ix":2,"mn":"ADBE Vector Group","hd":false},{"ty":"gr","it":[{"ind":0,"ty":"sh","ix":1,"ks":{"a":0,"k":{"i":[[0,0],[0,0],[0,0],[-0.286,-0.259],[0,-0.417],[0.287,-0.259],[0.672,0],[0,0],[0.286,0.259],[0,0.417],[-0.286,0.258],[-0.673,0],[0,0],[0,0],[0,0],[0,0],[0.259,-0.286],[0.418,0],[0.259,0.286],[0,0.672],[0,0],[0,0],[0,0],[0.259,-0.286],[0.417,0],[0.259,0.286],[0,0.672],[0,0]],"o":[[0,0],[0,0],[0.672,0],[0.287,0.258],[0,0.409],[-0.286,0.259],[0,0],[-0.673,0],[-0.286,-0.259],[0,-0.409],[0.286,-0.259],[0,0],[0,0],[0,0],[0,0],[0,0.672],[-0.259,0.286],[-0.408,0],[-0.258,-0.286],[0,0],[0,0],[0,0],[0,0.672],[-0.259,0.286],[-0.409,0],[-0.26,-0.286],[0,0],[0,0]],"v":[[1.376,-5.455],[1.376,5.47],[3.256,5.47],[4.692,5.858],[5.121,6.872],[4.692,7.873],[3.256,8.262],[-3.282,8.262],[-4.72,7.873],[-5.148,6.859],[-4.72,5.858],[-3.282,5.47],[-1.417,5.47],[-1.417,-5.455],[-4.44,-5.455],[-4.44,-2.812],[-4.828,-1.376],[-5.844,-0.947],[-6.845,-1.376],[-7.232,-2.812],[-7.232,-8.262],[7.232,-8.248],[7.232,-2.812],[6.845,-1.376],[5.83,-0.947],[4.829,-1.376],[4.44,-2.812],[4.44,-5.455]],"c":true},"ix":2},"nm":"Path 1","mn":"ADBE Vector Shape - Group","hd":false},{"ty":"fl","c":{"a":0,"k":[0,0,0,1],"ix":4},"o":{"a":0,"k":100,"ix":5},"r":1,"bm":0,"nm":"Fill 1","mn":"ADBE Vector Graphic - Fill","hd":false},{"ty":"tr","p":{"a":0,"k":[44.101,26.191],"ix":2},"a":{"a":0,"k":[0,0],"ix":1},"s":{"a":0,"k":[100,100],"ix":3},"r":{"a":0,"k":0,"ix":6},"o":{"a":0,"k":100,"ix":7},"sk":{"a":0,"k":0,"ix":4},"sa":{"a":0,"k":0,"ix":5},"nm":"Transform"}],"nm":"Group 3","np":2,"cix":2,"bm":0,"ix":3,"mn":"ADBE Vector Group","hd":false},{"ty":"gr","it":[{"ind":0,"ty":"sh","ix":1,"ks":{"a":0,"k":{"i":[[0,0],[0,0],[0,0],[0,0],[-0.286,-0.259],[0,-0.417],[0.286,-0.259],[0.672,0],[0,0],[0.286,0.259],[0,0.418],[-0.446,0.281],[-0.709,-0.009],[0,0],[0.25,0.255],[0,0.381],[-0.287,0.259],[-0.672,0],[0,0],[-0.286,-0.254],[0,-0.418],[0.286,-0.258],[0.672,0],[0,0],[0,0],[0,0],[0,0],[0,0],[0.286,0.259],[0,0.418],[-0.286,0.259],[-0.671,0],[0,0],[-0.285,-0.254],[0,-0.418],[0.25,-0.254],[0.49,-0.046],[0,0],[-0.209,-0.137],[0,-0.517],[0.286,-0.259],[0.672,0],[0,0],[0.286,0.259],[0,0.418],[-0.29,0.258],[-0.663,0],[0,0]],"o":[[0,0],[0,0],[0,0],[0.672,0],[0.286,0.258],[0,0.409],[-0.286,0.259],[0,0],[-0.673,0],[-0.286,-0.259],[0,-0.508],[0.217,-0.146],[0,0],[-0.49,-0.046],[-0.25,-0.254],[0,-0.418],[0.286,-0.259],[0,0],[0.672,0],[0.286,0.254],[0,0.418],[-0.286,0.259],[0,0],[0,0],[0,0],[0,0],[0,0],[-0.671,0],[-0.286,-0.258],[0,-0.418],[0.286,-0.259],[0,0],[0.672,0],[0.286,0.254],[0,0.381],[-0.25,0.255],[0,0],[0.717,0],[0.445,0.281],[0,0.409],[-0.286,0.259],[0,0],[-0.671,0],[-0.286,-0.259],[0,-0.409],[0.291,-0.259],[0,0],[0,0]],"v":[[2.982,1.423],[-2.984,1.423],[-2.984,5.469],[-2.548,5.469],[-1.111,5.857],[-0.682,6.872],[-1.111,7.872],[-2.548,8.262],[-5.966,8.262],[-7.404,7.872],[-7.832,6.859],[-7.165,5.673],[-5.776,5.469],[-5.776,-5.454],[-6.886,-5.904],[-7.261,-6.857],[-6.831,-7.872],[-5.395,-8.262],[-2.548,-8.247],[-1.111,-7.865],[-0.682,-6.857],[-1.111,-5.844],[-2.548,-5.454],[-2.984,-5.454],[-2.984,-1.368],[2.982,-1.368],[2.982,-5.454],[2.546,-5.454],[1.109,-5.844],[0.68,-6.857],[1.109,-7.872],[2.546,-8.262],[5.393,-8.247],[6.83,-7.865],[7.259,-6.857],[6.884,-5.904],[5.775,-5.454],[5.775,5.469],[7.164,5.673],[7.832,6.872],[7.402,7.872],[5.965,8.262],[2.546,8.262],[1.109,7.872],[0.68,6.859],[1.116,5.857],[2.546,5.469],[2.982,5.469]],"c":true},"ix":2},"nm":"Path 1","mn":"ADBE Vector Shape - Group","hd":false},{"ty":"fl","c":{"a":0,"k":[0,0,0,1],"ix":4},"o":{"a":0,"k":100,"ix":5},"r":1,"bm":0,"nm":"Fill 1","mn":"ADBE Vector Graphic - Fill","hd":false},{"ty":"tr","p":{"a":0,"k":[27.456,26.191],"ix":2},"a":{"a":0,"k":[0,0],"ix":1},"s":{"a":0,"k":[100,100],"ix":3},"r":{"a":0,"k":0,"ix":6},"o":{"a":0,"k":100,"ix":7},"sk":{"a":0,"k":0,"ix":4},"sa":{"a":0,"k":0,"ix":5},"nm":"Transform"}],"nm":"Group 4","np":2,"cix":2,"bm":0,"ix":4,"mn":"ADBE Vector Group","hd":false},{"ty":"gr","it":[{"ind":0,"ty":"sh","ix":1,"ks":{"a":0,"k":{"i":[[0.627,0],[0,0],[0,-0.407],[0,0],[0,0],[-0.627,0],[0,0],[0,0.407],[0,0],[0,0]],"o":[[0,0],[-0.627,0],[0,0],[0,0],[0,0.407],[0,0],[0.627,0],[0,0],[0,0],[0,-0.407]],"v":[[49.992,-24],[-49.992,-24],[-51.127,-23.264],[-51.127,-19.309],[-51.127,23.264],[-49.992,24],[49.992,24],[51.127,23.264],[51.127,-19.309],[51.127,-23.264]],"c":true},"ix":2},"nm":"Path 1","mn":"ADBE Vector Shape - Group","hd":false},{"ind":1,"ty":"sh","ix":2,"ks":{"a":0,"k":{"i":[[0,0],[-0.06,-0.046],[0,0],[0,0],[0.242,0],[0,0],[0.059,0.046],[0,0],[0,0],[-0.243,0]],"o":[[0.242,0],[0,0],[0,0],[-0.06,0.046],[0,0],[-0.243,0],[0,0],[0,0],[0.059,-0.046],[0,0]],"v":[[49.992,-23.322],[50.45,-23.2],[50.45,-19.309],[50.45,23.2],[49.992,23.322],[-49.992,23.322],[-50.45,23.2],[-50.45,-19.309],[-50.45,-23.2],[-49.992,-23.322]],"c":true},"ix":2},"nm":"Path 2","mn":"ADBE Vector Shape - Group","hd":false},{"ty":"mm","mm":1,"nm":"Merge Paths 1","mn":"ADBE Vector Filter - Merge","hd":false},{"ty":"fl","c":{"a":0,"k":[0.141000007181,0.19199999641,0.368999974868,1],"ix":4},"o":{"a":0,"k":100,"ix":5},"r":1,"bm":0,"nm":"Fill 1","mn":"ADBE Vector Graphic - Fill","hd":false},{"ty":"tr","p":{"a":0,"k":[51.377,24.25],"ix":2},"a":{"a":0,"k":[0,0],"ix":1},"s":{"a":0,"k":[100,100],"ix":3},"r":{"a":0,"k":0,"ix":6},"o":{"a":0,"k":100,"ix":7},"sk":{"a":0,"k":0,"ix":4},"sa":{"a":0,"k":0,"ix":5},"nm":"Transform"}],"nm":"Group 5","np":4,"cix":2,"bm":0,"ix":5,"mn":"ADBE Vector Group","hd":false},{"ty":"gr","it":[{"ind":0,"ty":"sh","ix":1,"ks":{"a":0,"k":{"i":[[0,-0.558],[0.558,0],[0,0.557],[-0.556,0]],"o":[[0,0.557],[-0.556,0],[0,-0.558],[0.558,0]],"v":[[1.01,0.001],[-0.001,1.01],[-1.01,0.001],[-0.001,-1.01]],"c":true},"ix":2},"nm":"Path 1","mn":"ADBE Vector Shape - Group","hd":false},{"ty":"fl","c":{"a":0,"k":[0.54900004069,0.776000019148,0.246999987434,1],"ix":4},"o":{"a":0,"k":100,"ix":5},"r":1,"bm":0,"nm":"Fill 1","mn":"ADBE Vector Graphic - Fill","hd":false},{"ty":"tr","p":{"a":0,"k":[10.677,3.95],"ix":2},"a":{"a":0,"k":[0,0],"ix":1},"s":{"a":0,"k":[100,100],"ix":3},"r":{"a":0,"k":0,"ix":6},"o":{"a":0,"k":100,"ix":7},"sk":{"a":0,"k":0,"ix":4},"sa":{"a":0,"k":0,"ix":5},"nm":"Transform"}],"nm":"Group 6","np":2,"cix":2,"bm":0,"ix":6,"mn":"ADBE Vector Group","hd":false},{"ty":"gr","it":[{"ind":0,"ty":"sh","ix":1,"ks":{"a":0,"k":{"i":[[0,-0.558],[0.558,0],[0,0.557],[-0.557,0]],"o":[[0,0.557],[-0.557,0],[0,-0.558],[0.558,0]],"v":[[1.009,0.001],[0,1.01],[-1.009,0.001],[0,-1.01]],"c":true},"ix":2},"nm":"Path 1","mn":"ADBE Vector Shape - Group","hd":false},{"ty":"fl","c":{"a":0,"k":[0.984000052658,0.689999988032,0.231000010173,1],"ix":4},"o":{"a":0,"k":100,"ix":5},"r":1,"bm":0,"nm":"Fill 1","mn":"ADBE Vector Graphic - Fill","hd":false},{"ty":"tr","p":{"a":0,"k":[7.313,3.95],"ix":2},"a":{"a":0,"k":[0,0],"ix":1},"s":{"a":0,"k":[100,100],"ix":3},"r":{"a":0,"k":0,"ix":6},"o":{"a":0,"k":100,"ix":7},"sk":{"a":0,"k":0,"ix":4},"sa":{"a":0,"k":0,"ix":5},"nm":"Transform"}],"nm":"Group 7","np":2,"cix":2,"bm":0,"ix":7,"mn":"ADBE Vector Group","hd":false},{"ty":"gr","it":[{"ind":0,"ty":"sh","ix":1,"ks":{"a":0,"k":{"i":[[0,-0.558],[0.558,0],[0,0.557],[-0.556,0]],"o":[[0,0.557],[-0.556,0],[0,-0.558],[0.558,0]],"v":[[1.01,0.001],[-0.001,1.01],[-1.01,0.001],[-0.001,-1.01]],"c":true},"ix":2},"nm":"Path 1","mn":"ADBE Vector Shape - Group","hd":false},{"ty":"fl","c":{"a":0,"k":[1,0.113999998803,0.144999994016,1],"ix":4},"o":{"a":0,"k":100,"ix":5},"r":1,"bm":0,"nm":"Fill 1","mn":"ADBE Vector Graphic - Fill","hd":false},{"ty":"tr","p":{"a":0,"k":[3.949,3.95],"ix":2},"a":{"a":0,"k":[0,0],"ix":1},"s":{"a":0,"k":[100,100],"ix":3},"r":{"a":0,"k":0,"ix":6},"o":{"a":0,"k":100,"ix":7},"sk":{"a":0,"k":0,"ix":4},"sa":{"a":0,"k":0,"ix":5},"nm":"Transform"}],"nm":"Group 8","np":2,"cix":2,"bm":0,"ix":8,"mn":"ADBE Vector Group","hd":false},{"ty":"gr","it":[{"ind":0,"ty":"sh","ix":1,"ks":{"a":0,"k":{"i":[[0,0],[0,0],[0,0],[-0.627,0],[0,0],[0,-0.627]],"o":[[0,0],[0,0],[0,-0.627],[0,0],[0.627,0],[0,0]],"v":[[51.127,3.615],[-51.127,3.615],[-51.127,-2.482],[-49.992,-3.615],[49.992,-3.615],[51.127,-2.482]],"c":true},"ix":2},"nm":"Path 1","mn":"ADBE Vector Shape - Group","hd":false},{"ty":"fl","c":{"a":0,"k":[0.141000007181,0.19199999641,0.368999974868,1],"ix":4},"o":{"a":0,"k":100,"ix":5},"r":1,"bm":0,"nm":"Fill 1","mn":"ADBE Vector Graphic - Fill","hd":false},{"ty":"tr","p":{"a":0,"k":[51.377,3.866],"ix":2},"a":{"a":0,"k":[0,0],"ix":1},"s":{"a":0,"k":[100,100],"ix":3},"r":{"a":0,"k":0,"ix":6},"o":{"a":0,"k":100,"ix":7},"sk":{"a":0,"k":0,"ix":4},"sa":{"a":0,"k":0,"ix":5},"nm":"Transform"}],"nm":"Group 9","np":2,"cix":2,"bm":0,"ix":9,"mn":"ADBE Vector Group","hd":false},{"ty":"gr","it":[{"ind":0,"ty":"sh","ix":1,"ks":{"a":0,"k":{"i":[[0.49,0],[0,0],[0,0.49],[0,0],[0,0],[0,0]],"o":[[0,0],[-0.491,0],[0,0],[0,0],[0,0],[0,0.49]],"v":[[50.24,20.385],[-50.24,20.385],[-51.127,19.498],[-51.127,-20.385],[51.127,-20.385],[51.127,19.498]],"c":true},"ix":2},"nm":"Path 1","mn":"ADBE Vector Shape - Group","hd":false},{"ty":"fl","c":{"a":0,"k":[0.902000038297,0.902000038297,0.902000038297,1],"ix":4},"o":{"a":0,"k":100,"ix":5},"r":1,"bm":0,"nm":"Fill 1","mn":"ADBE Vector Graphic - Fill","hd":false},{"ty":"tr","p":{"a":0,"k":[51.377,27.866],"ix":2},"a":{"a":0,"k":[0,0],"ix":1},"s":{"a":0,"k":[100,100],"ix":3},"r":{"a":0,"k":0,"ix":6},"o":{"a":0,"k":100,"ix":7},"sk":{"a":0,"k":0,"ix":4},"sa":{"a":0,"k":0,"ix":5},"nm":"Transform"}],"nm":"Group 10","np":2,"cix":2,"bm":0,"ix":10,"mn":"ADBE Vector Group","hd":false}],"ip":0,"op":509,"st":0,"bm":0},{"ddd":0,"ind":13,"ty":4,"nm":"bg Outlines","sr":1,"ks":{"o":{"a":0,"k":100,"ix":11},"r":{"a":0,"k":0,"ix":10},"p":{"a":0,"k":[251.5,248.5,0],"ix":2},"a":{"a":0,"k":[177.75,177.75,0],"ix":1},"s":{"a":0,"k":[100,100,100],"ix":6}},"ao":0,"shapes":[{"ty":"gr","it":[{"ind":0,"ty":"sh","ix":1,"ks":{"a":0,"k":{"i":[[0,-98.031],[98.03,0],[0,98.03],[-98.031,0]],"o":[[0,98.03],[-98.031,0],[0,-98.031],[98.03,0]],"v":[[177.5,0],[0,177.5],[-177.5,0],[0,-177.5]],"c":true},"ix":2},"nm":"Path 1","mn":"ADBE Vector Shape - Group","hd":false},{"ty":"fl","c":{"a":0,"k":[0.964999988032,0.917999985639,0.620000023935,1],"ix":4},"o":{"a":0,"k":100,"ix":5},"r":1,"bm":0,"nm":"Fill 1","mn":"ADBE Vector Graphic - Fill","hd":false},{"ty":"tr","p":{"a":0,"k":[177.75,177.75],"ix":2},"a":{"a":0,"k":[0,0],"ix":1},"s":{"a":0,"k":[100,100],"ix":3},"r":{"a":0,"k":0,"ix":6},"o":{"a":0,"k":100,"ix":7},"sk":{"a":0,"k":0,"ix":4},"sa":{"a":0,"k":0,"ix":5},"nm":"Transform"}],"nm":"Group 1","np":2,"cix":2,"bm":0,"ix":1,"mn":"ADBE Vector Group","hd":false}],"ip":0,"op":509,"st":0,"bm":0}],"markers":[{"tm":113,"cm":"1","dr":0},{"tm":226,"cm":"2","dr":0},{"tm":339,"cm":"3","dr":0}]}