[
  {
    "title": "Progressive Web App",
    "description": "My project, Unipass, is a Progressive Web App offering a native-app-like experience, offline capability, and cross-platform accessibility.",
    "image": "images/BlockchainProjects/unipass.PNG",
    "link": "https://aa-puce.vercel.app/"
  },
  {
    "title": "Token Bound Account",
    "description": "Experience the future of digital asset management with our Token-Bound Wallet.  This project enables you to transfer your entire wallet seamlessly through the exchange of a unique Account NFT. Effortlessly share or sell your complete digital portfolio with just a single transaction. Now, with our Progressive Web App (PWA) service, you can access your digital assets anytime, anywhere, right from your web browser. Dive into the world of crypto with ease, speed, and security.",
    "image": "images/BlockchainProjects/TBA.PNG",
    "link": "https://token-bound-wallet.vercel.app/"
  }
  

]